filename,label
37_51_.png,37
1_88_.png,1
17_86_.png,17
11_6_.png,11
42_60_.png,42
17_85_.png,17
27_62_.png,27
12_27_.png,12
35_73_.png,35
11_46_.png,11
21_82_.png,21
34_75_.png,34
6_30_.png,6
36_96_.png,36
23_12_.png,23
40_4_.png,40
29_31_.png,29
10_10_.png,10
11_3_.png,11
1_6_.png,1
10_81_.png,10
0_42_.png,0
5_23_.png,5
25_3_.png,25
32_62_.png,32
43_5_.png,43
43_13_.png,43
16_75_.png,16
8_72_.png,8
0_87_.png,0
40_89_.png,40
15_9_.png,15
36_79_.png,36
39_37_.png,39
31_47_.png,31
37_55_.png,37
36_40_.png,36
30_55_.png,30
31_36_.png,31
33_27_.png,33
36_92_.png,36
30_71_.png,30
41_8_.png,41
42_58_.png,42
34_10_.png,34
16_78_.png,16
21_0_.png,21
30_12_.png,30
21_67_.png,21
31_49_.png,31
37_21_.png,37
7_32_.png,7
11_59_.png,11
10_30_.png,10
5_33_.png,5
33_50_.png,33
15_70_.png,15
22_20_.png,22
6_35_.png,6
41_76_.png,41
23_74_.png,23
18_53_.png,18
8_9_.png,8
40_54_.png,40
1_50_.png,1
25_46_.png,25
41_61_.png,41
27_18_.png,27
5_74_.png,5
23_93_.png,23
12_35_.png,12
0_93_.png,0
25_14_.png,25
12_28_.png,12
7_69_.png,7
11_64_.png,11
43_47_.png,43
6_53_.png,6
8_16_.png,8
16_16_.png,16
24_86_.png,24
28_38_.png,28
37_25_.png,37
35_45_.png,35
19_14_.png,19
0_29_.png,0
12_63_.png,12
17_11_.png,17
16_79_.png,16
8_27_.png,8
10_33_.png,10
32_38_.png,32
11_61_.png,11
11_87_.png,11
25_91_.png,25
8_99_.png,8
30_34_.png,30
0_81_.png,0
38_53_.png,38
15_87_.png,15
32_99_.png,32
43_79_.png,43
10_42_.png,10
14_30_.png,14
10_18_.png,10
2_45_.png,2
19_23_.png,19
39_73_.png,39
14_68_.png,14
33_25_.png,33
26_60_.png,26
35_18_.png,35
4_14_.png,4
6_78_.png,6
38_2_.png,38
5_12_.png,5
16_43_.png,16
10_69_.png,10
14_34_.png,14
0_91_.png,0
23_89_.png,23
2_21_.png,2
31_42_.png,31
24_39_.png,24
4_19_.png,4
2_11_.png,2
23_65_.png,23
3_93_.png,3
4_78_.png,4
10_51_.png,10
38_10_.png,38
31_50_.png,31
35_28_.png,35
28_54_.png,28
23_67_.png,23
41_9_.png,41
28_64_.png,28
37_52_.png,37
33_74_.png,33
31_15_.png,31
17_23_.png,17
43_69_.png,43
31_46_.png,31
3_98_.png,3
33_90_.png,33
33_65_.png,33
5_10_.png,5
23_22_.png,23
29_83_.png,29
14_93_.png,14
28_33_.png,28
20_11_.png,20
9_2_.png,9
11_78_.png,11
42_1_.png,42
38_50_.png,38
5_85_.png,5
20_85_.png,20
28_98_.png,28
21_9_.png,21
11_30_.png,11
4_56_.png,4
8_28_.png,8
42_35_.png,42
34_69_.png,34
5_83_.png,5
6_18_.png,6
38_37_.png,38
19_68_.png,19
8_56_.png,8
12_16_.png,12
10_48_.png,10
10_95_.png,10
39_21_.png,39
35_61_.png,35
42_65_.png,42
39_25_.png,39
12_0_.png,12
10_29_.png,10
27_60_.png,27
39_12_.png,39
43_24_.png,43
20_24_.png,20
24_80_.png,24
15_34_.png,15
22_82_.png,22
38_14_.png,38
3_85_.png,3
30_41_.png,30
29_9_.png,29
32_17_.png,32
21_30_.png,21
36_26_.png,36
38_61_.png,38
21_28_.png,21
39_61_.png,39
1_45_.png,1
27_20_.png,27
25_96_.png,25
11_18_.png,11
23_70_.png,23
25_38_.png,25
3_13_.png,3
27_50_.png,27
41_87_.png,41
7_43_.png,7
20_83_.png,20
3_81_.png,3
16_68_.png,16
34_95_.png,34
7_9_.png,7
28_24_.png,28
28_22_.png,28
31_71_.png,31
5_36_.png,5
43_95_.png,43
39_38_.png,39
41_15_.png,41
4_9_.png,4
2_0_.png,2
11_55_.png,11
14_9_.png,14
20_15_.png,20
18_18_.png,18
3_67_.png,3
17_33_.png,17
28_16_.png,28
42_43_.png,42
9_42_.png,9
6_75_.png,6
16_9_.png,16
0_0_.png,0
21_57_.png,21
26_59_.png,26
14_21_.png,14
11_33_.png,11
18_34_.png,18
38_13_.png,38
21_13_.png,21
40_6_.png,40
31_20_.png,31
1_2_.png,1
14_39_.png,14
2_46_.png,2
6_71_.png,6
38_73_.png,38
6_55_.png,6
15_80_.png,15
28_27_.png,28
32_63_.png,32
28_66_.png,28
41_37_.png,41
6_49_.png,6
37_34_.png,37
17_22_.png,17
30_83_.png,30
1_54_.png,1
17_77_.png,17
14_64_.png,14
0_13_.png,0
0_74_.png,0
35_24_.png,35
31_14_.png,31
40_50_.png,40
40_74_.png,40
28_62_.png,28
41_49_.png,41
2_87_.png,2
37_60_.png,37
11_81_.png,11
7_24_.png,7
24_88_.png,24
21_33_.png,21
0_20_.png,0
39_28_.png,39
4_64_.png,4
7_64_.png,7
10_28_.png,10
27_24_.png,27
8_89_.png,8
18_37_.png,18
10_46_.png,10
7_89_.png,7
41_55_.png,41
10_38_.png,10
0_75_.png,0
19_83_.png,19
10_92_.png,10
21_83_.png,21
25_40_.png,25
1_98_.png,1
26_95_.png,26
41_60_.png,41
3_66_.png,3
4_2_.png,4
22_39_.png,22
29_63_.png,29
35_68_.png,35
36_76_.png,36
39_47_.png,39
28_77_.png,28
31_56_.png,31
36_54_.png,36
43_31_.png,43
12_31_.png,12
18_99_.png,18
10_57_.png,10
38_43_.png,38
33_34_.png,33
18_55_.png,18
9_9_.png,9
2_12_.png,2
9_28_.png,9
8_29_.png,8
21_37_.png,21
24_54_.png,24
35_63_.png,35
25_42_.png,25
2_19_.png,2
36_3_.png,36
40_67_.png,40
36_53_.png,36
0_85_.png,0
34_96_.png,34
4_37_.png,4
38_80_.png,38
19_38_.png,19
4_26_.png,4
30_27_.png,30
10_22_.png,10
19_16_.png,19
13_89_.png,13
37_62_.png,37
1_23_.png,1
26_33_.png,26
42_11_.png,42
34_42_.png,34
19_57_.png,19
21_14_.png,21
19_9_.png,19
42_6_.png,42
34_97_.png,34
24_32_.png,24
11_72_.png,11
13_15_.png,13
0_77_.png,0
3_48_.png,3
38_28_.png,38
28_61_.png,28
26_39_.png,26
32_74_.png,32
8_78_.png,8
17_73_.png,17
10_14_.png,10
15_26_.png,15
27_80_.png,27
19_17_.png,19
4_79_.png,4
6_56_.png,6
21_85_.png,21
38_29_.png,38
10_37_.png,10
9_4_.png,9
28_92_.png,28
21_27_.png,21
33_57_.png,33
27_26_.png,27
5_4_.png,5
34_37_.png,34
4_21_.png,4
20_34_.png,20
39_41_.png,39
36_27_.png,36
33_20_.png,33
32_61_.png,32
26_10_.png,26
6_94_.png,6
5_82_.png,5
20_86_.png,20
8_69_.png,8
13_64_.png,13
8_91_.png,8
26_8_.png,26
16_69_.png,16
24_13_.png,24
24_64_.png,24
31_25_.png,31
21_71_.png,21
10_83_.png,10
3_57_.png,3
20_68_.png,20
3_41_.png,3
12_8_.png,12
36_45_.png,36
22_43_.png,22
5_45_.png,5
17_99_.png,17
15_29_.png,15
1_33_.png,1
18_5_.png,18
5_67_.png,5
15_37_.png,15
5_51_.png,5
14_5_.png,14
18_31_.png,18
40_99_.png,40
27_15_.png,27
14_36_.png,14
16_95_.png,16
7_14_.png,7
7_81_.png,7
8_22_.png,8
13_81_.png,13
15_58_.png,15
8_14_.png,8
0_21_.png,0
22_48_.png,22
23_9_.png,23
37_77_.png,37
11_83_.png,11
7_38_.png,7
12_6_.png,12
9_75_.png,9
26_2_.png,26
4_30_.png,4
20_64_.png,20
21_77_.png,21
19_49_.png,19
35_0_.png,35
30_78_.png,30
29_0_.png,29
20_84_.png,20
36_25_.png,36
38_32_.png,38
17_91_.png,17
30_90_.png,30
12_41_.png,12
22_47_.png,22
32_5_.png,32
41_95_.png,41
1_77_.png,1
9_16_.png,9
30_51_.png,30
0_3_.png,0
11_2_.png,11
2_38_.png,2
9_25_.png,9
8_93_.png,8
1_94_.png,1
27_99_.png,27
6_74_.png,6
5_37_.png,5
25_32_.png,25
28_21_.png,28
28_74_.png,28
10_16_.png,10
25_56_.png,25
13_63_.png,13
28_67_.png,28
6_57_.png,6
32_56_.png,32
25_83_.png,25
14_84_.png,14
14_41_.png,14
36_64_.png,36
36_61_.png,36
18_3_.png,18
40_22_.png,40
6_39_.png,6
1_24_.png,1
7_3_.png,7
29_14_.png,29
19_86_.png,19
35_56_.png,35
10_99_.png,10
34_77_.png,34
19_99_.png,19
21_63_.png,21
32_42_.png,32
43_52_.png,43
11_96_.png,11
9_21_.png,9
3_63_.png,3
26_15_.png,26
17_0_.png,17
30_3_.png,30
29_17_.png,29
2_86_.png,2
12_23_.png,12
11_67_.png,11
24_30_.png,24
12_70_.png,12
41_82_.png,41
20_75_.png,20
4_60_.png,4
2_10_.png,2
0_15_.png,0
32_27_.png,32
21_96_.png,21
7_26_.png,7
17_79_.png,17
30_42_.png,30
38_35_.png,38
25_49_.png,25
36_0_.png,36
17_13_.png,17
42_3_.png,42
26_0_.png,26
39_75_.png,39
1_56_.png,1
33_93_.png,33
3_74_.png,3
35_40_.png,35
25_21_.png,25
38_48_.png,38
43_3_.png,43
39_86_.png,39
39_91_.png,39
20_8_.png,20
20_67_.png,20
15_51_.png,15
39_34_.png,39
29_67_.png,29
28_23_.png,28
28_65_.png,28
5_30_.png,5
41_29_.png,41
13_30_.png,13
7_7_.png,7
40_91_.png,40
29_4_.png,29
0_45_.png,0
43_96_.png,43
6_83_.png,6
4_10_.png,4
37_29_.png,37
27_35_.png,27
15_68_.png,15
37_15_.png,37
42_61_.png,42
27_86_.png,27
26_19_.png,26
34_7_.png,34
23_86_.png,23
12_36_.png,12
34_12_.png,34
18_82_.png,18
41_65_.png,41
26_83_.png,26
34_41_.png,34
16_85_.png,16
38_62_.png,38
37_48_.png,37
9_55_.png,9
37_28_.png,37
4_99_.png,4
35_64_.png,35
7_10_.png,7
30_69_.png,30
1_71_.png,1
35_29_.png,35
23_31_.png,23
43_37_.png,43
35_10_.png,35
11_7_.png,11
39_13_.png,39
42_90_.png,42
39_85_.png,39
21_92_.png,21
43_60_.png,43
23_55_.png,23
14_57_.png,14
31_84_.png,31
2_77_.png,2
35_4_.png,35
14_45_.png,14
6_65_.png,6
34_85_.png,34
0_9_.png,0
15_7_.png,15
10_78_.png,10
43_14_.png,43
19_87_.png,19
27_21_.png,27
16_84_.png,16
18_89_.png,18
24_1_.png,24
36_28_.png,36
42_8_.png,42
42_86_.png,42
13_62_.png,13
7_74_.png,7
42_67_.png,42
33_29_.png,33
1_69_.png,1
12_45_.png,12
12_78_.png,12
15_98_.png,15
27_3_.png,27
12_62_.png,12
20_99_.png,20
3_32_.png,3
25_82_.png,25
16_50_.png,16
15_31_.png,15
41_45_.png,41
19_13_.png,19
2_49_.png,2
23_61_.png,23
37_41_.png,37
23_10_.png,23
38_68_.png,38
37_40_.png,37
27_28_.png,27
24_35_.png,24
17_9_.png,17
22_81_.png,22
10_59_.png,10
25_53_.png,25
28_51_.png,28
18_69_.png,18
1_22_.png,1
3_4_.png,3
16_65_.png,16
5_76_.png,5
6_24_.png,6
10_6_.png,10
12_50_.png,12
4_72_.png,4
40_85_.png,40
37_13_.png,37
15_5_.png,15
12_40_.png,12
21_54_.png,21
12_59_.png,12
41_53_.png,41
8_67_.png,8
8_86_.png,8
27_85_.png,27
3_29_.png,3
6_47_.png,6
31_5_.png,31
31_98_.png,31
41_31_.png,41
4_12_.png,4
29_90_.png,29
38_90_.png,38
8_24_.png,8
3_97_.png,3
24_98_.png,24
34_78_.png,34
19_75_.png,19
17_94_.png,17
8_37_.png,8
24_10_.png,24
0_78_.png,0
4_70_.png,4
39_64_.png,39
14_65_.png,14
17_61_.png,17
11_53_.png,11
12_21_.png,12
9_77_.png,9
38_99_.png,38
32_12_.png,32
43_98_.png,43
31_13_.png,31
37_33_.png,37
23_27_.png,23
10_19_.png,10
13_21_.png,13
40_97_.png,40
7_41_.png,7
24_2_.png,24
11_95_.png,11
2_93_.png,2
13_73_.png,13
21_53_.png,21
20_17_.png,20
35_17_.png,35
27_4_.png,27
3_8_.png,3
31_51_.png,31
34_93_.png,34
24_6_.png,24
30_64_.png,30
26_37_.png,26
16_72_.png,16
4_33_.png,4
30_13_.png,30
3_84_.png,3
33_95_.png,33
4_82_.png,4
30_61_.png,30
9_32_.png,9
3_9_.png,3
14_42_.png,14
7_54_.png,7
11_85_.png,11
21_59_.png,21
40_69_.png,40
42_10_.png,42
12_65_.png,12
7_53_.png,7
10_26_.png,10
14_90_.png,14
29_96_.png,29
17_76_.png,17
12_30_.png,12
17_95_.png,17
0_84_.png,0
31_30_.png,31
14_83_.png,14
35_52_.png,35
23_78_.png,23
37_27_.png,37
26_20_.png,26
0_73_.png,0
5_21_.png,5
4_77_.png,4
27_48_.png,27
33_14_.png,33
40_1_.png,40
36_46_.png,36
39_69_.png,39
29_80_.png,29
13_43_.png,13
8_98_.png,8
16_71_.png,16
6_21_.png,6
16_7_.png,16
28_57_.png,28
32_23_.png,32
18_15_.png,18
37_89_.png,37
7_95_.png,7
31_67_.png,31
13_47_.png,13
15_12_.png,15
39_94_.png,39
24_94_.png,24
24_50_.png,24
22_46_.png,22
40_66_.png,40
7_25_.png,7
38_27_.png,38
12_61_.png,12
0_51_.png,0
24_75_.png,24
39_36_.png,39
15_92_.png,15
15_54_.png,15
36_37_.png,36
7_96_.png,7
22_78_.png,22
5_84_.png,5
24_95_.png,24
20_51_.png,20
36_36_.png,36
33_58_.png,33
3_19_.png,3
34_17_.png,34
23_47_.png,23
23_62_.png,23
27_81_.png,27
33_79_.png,33
35_98_.png,35
23_96_.png,23
23_46_.png,23
15_10_.png,15
34_8_.png,34
7_28_.png,7
9_74_.png,9
25_76_.png,25
24_99_.png,24
7_62_.png,7
10_50_.png,10
34_86_.png,34
17_4_.png,17
27_37_.png,27
9_30_.png,9
34_48_.png,34
17_1_.png,17
39_51_.png,39
16_74_.png,16
17_97_.png,17
4_1_.png,4
14_79_.png,14
24_38_.png,24
32_64_.png,32
10_43_.png,10
20_63_.png,20
20_62_.png,20
1_1_.png,1
19_15_.png,19
25_24_.png,25
2_99_.png,2
27_11_.png,27
17_8_.png,17
25_75_.png,25
28_35_.png,28
30_7_.png,30
20_43_.png,20
2_24_.png,2
23_41_.png,23
39_76_.png,39
22_60_.png,22
14_71_.png,14
9_24_.png,9
26_42_.png,26
4_15_.png,4
19_48_.png,19
10_2_.png,10
11_9_.png,11
5_65_.png,5
29_76_.png,29
34_63_.png,34
11_51_.png,11
36_71_.png,36
2_31_.png,2
16_10_.png,16
3_50_.png,3
42_95_.png,42
27_93_.png,27
38_45_.png,38
10_35_.png,10
13_2_.png,13
21_25_.png,21
11_20_.png,11
0_8_.png,0
26_99_.png,26
28_63_.png,28
8_15_.png,8
0_2_.png,0
34_99_.png,34
3_64_.png,3
11_45_.png,11
10_4_.png,10
33_44_.png,33
35_16_.png,35
29_82_.png,29
16_81_.png,16
39_15_.png,39
12_37_.png,12
43_6_.png,43
36_7_.png,36
38_74_.png,38
32_44_.png,32
10_82_.png,10
29_84_.png,29
25_17_.png,25
13_33_.png,13
40_55_.png,40
28_36_.png,28
5_73_.png,5
15_67_.png,15
6_77_.png,6
13_56_.png,13
23_87_.png,23
17_54_.png,17
0_48_.png,0
30_56_.png,30
40_59_.png,40
8_10_.png,8
29_34_.png,29
11_39_.png,11
40_9_.png,40
40_81_.png,40
16_97_.png,16
37_98_.png,37
21_18_.png,21
35_15_.png,35
30_14_.png,30
19_41_.png,19
30_57_.png,30
9_3_.png,9
21_4_.png,21
7_93_.png,7
38_39_.png,38
37_64_.png,37
8_19_.png,8
27_10_.png,27
23_91_.png,23
11_29_.png,11
38_47_.png,38
41_57_.png,41
7_37_.png,7
42_75_.png,42
5_72_.png,5
40_36_.png,40
37_72_.png,37
41_66_.png,41
32_95_.png,32
30_60_.png,30
11_91_.png,11
21_98_.png,21
19_90_.png,19
35_62_.png,35
0_52_.png,0
7_80_.png,7
22_29_.png,22
5_16_.png,5
2_95_.png,2
13_60_.png,13
18_64_.png,18
22_55_.png,22
13_59_.png,13
31_99_.png,31
42_69_.png,42
8_50_.png,8
0_36_.png,0
29_44_.png,29
3_99_.png,3
7_36_.png,7
13_31_.png,13
27_32_.png,27
12_54_.png,12
30_39_.png,30
15_19_.png,15
34_64_.png,34
6_10_.png,6
13_29_.png,13
30_82_.png,30
12_71_.png,12
40_44_.png,40
11_82_.png,11
27_30_.png,27
42_59_.png,42
41_43_.png,41
5_17_.png,5
35_60_.png,35
14_89_.png,14
36_50_.png,36
23_16_.png,23
16_8_.png,16
26_82_.png,26
25_87_.png,25
6_69_.png,6
21_99_.png,21
1_34_.png,1
28_8_.png,28
12_1_.png,12
28_96_.png,28
20_31_.png,20
22_67_.png,22
33_23_.png,33
28_12_.png,28
2_3_.png,2
40_57_.png,40
24_9_.png,24
23_14_.png,23
28_47_.png,28
43_41_.png,43
20_82_.png,20
28_13_.png,28
26_79_.png,26
26_4_.png,26
9_64_.png,9
31_82_.png,31
36_74_.png,36
22_38_.png,22
21_49_.png,21
4_58_.png,4
26_23_.png,26
40_31_.png,40
12_53_.png,12
36_1_.png,36
17_81_.png,17
16_31_.png,16
18_16_.png,18
35_74_.png,35
17_49_.png,17
1_85_.png,1
38_79_.png,38
28_69_.png,28
30_28_.png,30
13_22_.png,13
43_42_.png,43
8_68_.png,8
25_6_.png,25
34_43_.png,34
34_65_.png,34
32_52_.png,32
22_44_.png,22
20_61_.png,20
43_63_.png,43
17_52_.png,17
16_36_.png,16
27_97_.png,27
39_20_.png,39
17_37_.png,17
41_16_.png,41
41_5_.png,41
38_38_.png,38
23_2_.png,23
22_24_.png,22
11_47_.png,11
38_31_.png,38
30_53_.png,30
22_54_.png,22
14_55_.png,14
34_55_.png,34
24_43_.png,24
36_77_.png,36
14_77_.png,14
8_66_.png,8
1_14_.png,1
25_84_.png,25
1_5_.png,1
17_27_.png,17
23_59_.png,23
18_76_.png,18
37_99_.png,37
33_77_.png,33
28_7_.png,28
20_66_.png,20
11_43_.png,11
36_29_.png,36
22_56_.png,22
4_98_.png,4
13_25_.png,13
28_83_.png,28
35_3_.png,35
11_52_.png,11
10_58_.png,10
21_74_.png,21
36_91_.png,36
41_80_.png,41
38_64_.png,38
24_44_.png,24
20_19_.png,20
8_96_.png,8
4_83_.png,4
15_85_.png,15
42_2_.png,42
16_56_.png,16
22_94_.png,22
5_90_.png,5
11_28_.png,11
41_69_.png,41
30_46_.png,30
9_17_.png,9
33_68_.png,33
8_70_.png,8
34_32_.png,34
30_96_.png,30
33_21_.png,33
33_37_.png,33
33_10_.png,33
6_91_.png,6
12_90_.png,12
25_77_.png,25
12_77_.png,12
42_98_.png,42
1_99_.png,1
19_82_.png,19
8_94_.png,8
19_43_.png,19
42_26_.png,42
20_46_.png,20
40_45_.png,40
35_26_.png,35
39_8_.png,39
24_37_.png,24
33_31_.png,33
2_82_.png,2
12_81_.png,12
26_58_.png,26
37_1_.png,37
33_36_.png,33
7_86_.png,7
18_35_.png,18
32_78_.png,32
42_83_.png,42
4_93_.png,4
28_94_.png,28
0_57_.png,0
29_23_.png,29
24_97_.png,24
14_8_.png,14
31_74_.png,31
26_67_.png,26
6_88_.png,6
35_25_.png,35
31_32_.png,31
20_59_.png,20
38_85_.png,38
15_63_.png,15
18_74_.png,18
42_73_.png,42
4_36_.png,4
21_15_.png,21
32_21_.png,32
33_17_.png,33
32_41_.png,32
29_13_.png,29
33_7_.png,33
6_12_.png,6
40_39_.png,40
40_83_.png,40
19_10_.png,19
23_33_.png,23
34_35_.png,34
29_58_.png,29
2_73_.png,2
22_2_.png,22
17_17_.png,17
12_42_.png,12
29_49_.png,29
6_19_.png,6
15_15_.png,15
36_24_.png,36
31_55_.png,31
29_19_.png,29
41_81_.png,41
12_68_.png,12
13_44_.png,13
14_33_.png,14
40_92_.png,40
28_55_.png,28
14_40_.png,14
13_51_.png,13
36_6_.png,36
19_0_.png,19
31_92_.png,31
42_70_.png,42
15_0_.png,15
19_39_.png,19
41_34_.png,41
7_56_.png,7
1_16_.png,1
38_71_.png,38
9_69_.png,9
10_61_.png,10
11_42_.png,11
29_81_.png,29
16_28_.png,16
19_3_.png,19
11_54_.png,11
13_46_.png,13
31_9_.png,31
1_18_.png,1
37_83_.png,37
32_43_.png,32
26_28_.png,26
8_79_.png,8
13_94_.png,13
29_89_.png,29
15_17_.png,15
34_90_.png,34
21_55_.png,21
39_66_.png,39
8_57_.png,8
35_35_.png,35
41_93_.png,41
17_72_.png,17
28_40_.png,28
27_72_.png,27
32_15_.png,32
2_27_.png,2
8_64_.png,8
14_25_.png,14
43_85_.png,43
39_72_.png,39
1_19_.png,1
11_98_.png,11
3_94_.png,3
2_76_.png,2
28_75_.png,28
6_0_.png,6
11_99_.png,11
34_44_.png,34
37_31_.png,37
12_86_.png,12
5_9_.png,5
26_84_.png,26
13_88_.png,13
18_92_.png,18
32_1_.png,32
33_38_.png,33
42_40_.png,42
40_0_.png,40
36_65_.png,36
10_93_.png,10
12_32_.png,12
39_9_.png,39
30_72_.png,30
2_23_.png,2
37_71_.png,37
3_23_.png,3
18_28_.png,18
29_65_.png,29
39_55_.png,39
27_98_.png,27
15_71_.png,15
13_83_.png,13
22_58_.png,22
3_18_.png,3
19_98_.png,19
9_61_.png,9
9_46_.png,9
21_16_.png,21
39_1_.png,39
43_49_.png,43
27_66_.png,27
26_25_.png,26
42_16_.png,42
18_95_.png,18
38_42_.png,38
15_24_.png,15
43_45_.png,43
12_33_.png,12
15_91_.png,15
15_56_.png,15
14_28_.png,14
42_78_.png,42
5_77_.png,5
20_12_.png,20
30_21_.png,30
27_58_.png,27
20_47_.png,20
23_3_.png,23
20_58_.png,20
3_46_.png,3
29_18_.png,29
16_12_.png,16
23_57_.png,23
26_51_.png,26
13_34_.png,13
43_97_.png,43
31_38_.png,31
11_63_.png,11
35_95_.png,35
3_6_.png,3
6_54_.png,6
27_23_.png,27
22_73_.png,22
13_6_.png,13
23_51_.png,23
29_22_.png,29
28_56_.png,28
36_12_.png,36
0_80_.png,0
25_45_.png,25
33_39_.png,33
5_75_.png,5
7_20_.png,7
6_73_.png,6
17_70_.png,17
24_51_.png,24
5_98_.png,5
37_35_.png,37
25_29_.png,25
31_76_.png,31
29_10_.png,29
16_26_.png,16
24_40_.png,24
22_70_.png,22
32_40_.png,32
36_58_.png,36
26_57_.png,26
18_48_.png,18
17_28_.png,17
43_9_.png,43
22_19_.png,22
18_93_.png,18
31_69_.png,31
9_33_.png,9
1_79_.png,1
8_6_.png,8
1_59_.png,1
6_59_.png,6
35_59_.png,35
7_67_.png,7
17_25_.png,17
15_94_.png,15
39_67_.png,39
6_95_.png,6
35_33_.png,35
22_91_.png,22
42_52_.png,42
42_46_.png,42
30_73_.png,30
13_50_.png,13
19_30_.png,19
38_6_.png,38
26_40_.png,26
5_24_.png,5
14_32_.png,14
23_84_.png,23
15_59_.png,15
15_42_.png,15
6_3_.png,6
23_63_.png,23
12_55_.png,12
15_16_.png,15
3_21_.png,3
31_0_.png,31
29_57_.png,29
40_78_.png,40
25_30_.png,25
10_0_.png,10
18_10_.png,18
31_59_.png,31
35_21_.png,35
22_27_.png,22
4_6_.png,4
1_55_.png,1
15_43_.png,15
26_30_.png,26
35_5_.png,35
9_83_.png,9
34_62_.png,34
38_0_.png,38
11_56_.png,11
10_71_.png,10
35_37_.png,35
40_49_.png,40
40_96_.png,40
2_80_.png,2
1_44_.png,1
21_38_.png,21
5_48_.png,5
41_7_.png,41
8_62_.png,8
0_64_.png,0
12_92_.png,12
38_20_.png,38
3_24_.png,3
33_55_.png,33
35_1_.png,35
2_90_.png,2
36_89_.png,36
27_78_.png,27
36_67_.png,36
22_75_.png,22
3_14_.png,3
20_38_.png,20
42_12_.png,42
15_33_.png,15
19_65_.png,19
4_67_.png,4
4_44_.png,4
8_26_.png,8
31_18_.png,31
41_86_.png,41
8_8_.png,8
5_54_.png,5
31_66_.png,31
9_58_.png,9
26_80_.png,26
15_64_.png,15
40_56_.png,40
36_86_.png,36
29_28_.png,29
6_86_.png,6
12_43_.png,12
20_96_.png,20
43_4_.png,43
24_79_.png,24
33_67_.png,33
35_96_.png,35
3_59_.png,3
29_72_.png,29
35_79_.png,35
32_47_.png,32
36_69_.png,36
19_81_.png,19
21_75_.png,21
15_83_.png,15
35_99_.png,35
10_36_.png,10
17_36_.png,17
34_23_.png,34
40_94_.png,40
20_9_.png,20
26_62_.png,26
3_78_.png,3
34_22_.png,34
24_4_.png,24
41_39_.png,41
8_4_.png,8
26_41_.png,26
26_49_.png,26
25_9_.png,25
41_52_.png,41
3_58_.png,3
20_23_.png,20
8_21_.png,8
8_81_.png,8
20_70_.png,20
22_16_.png,22
41_77_.png,41
13_5_.png,13
18_70_.png,18
17_26_.png,17
11_37_.png,11
18_14_.png,18
14_62_.png,14
24_68_.png,24
28_60_.png,28
6_97_.png,6
40_95_.png,40
11_49_.png,11
43_15_.png,43
38_16_.png,38
2_84_.png,2
17_15_.png,17
42_48_.png,42
25_72_.png,25
0_90_.png,0
25_65_.png,25
9_71_.png,9
10_66_.png,10
22_98_.png,22
38_26_.png,38
6_99_.png,6
11_66_.png,11
40_76_.png,40
32_54_.png,32
34_34_.png,34
32_73_.png,32
10_52_.png,10
0_22_.png,0
5_46_.png,5
2_7_.png,2
18_90_.png,18
18_43_.png,18
30_65_.png,30
3_53_.png,3
2_40_.png,2
30_84_.png,30
39_19_.png,39
8_5_.png,8
32_98_.png,32
17_83_.png,17
30_94_.png,30
37_3_.png,37
42_38_.png,42
22_42_.png,22
2_54_.png,2
40_64_.png,40
36_38_.png,36
37_76_.png,37
5_78_.png,5
14_96_.png,14
40_48_.png,40
2_4_.png,2
8_59_.png,8
0_88_.png,0
40_70_.png,40
18_85_.png,18
19_29_.png,19
27_92_.png,27
29_55_.png,29
1_93_.png,1
13_42_.png,13
23_98_.png,23
3_17_.png,3
11_1_.png,11
33_99_.png,33
40_11_.png,40
15_73_.png,15
11_21_.png,11
18_56_.png,18
30_58_.png,30
27_77_.png,27
28_20_.png,28
1_29_.png,1
43_66_.png,43
19_11_.png,19
2_83_.png,2
37_5_.png,37
8_80_.png,8
39_84_.png,39
31_78_.png,31
6_52_.png,6
33_78_.png,33
22_26_.png,22
17_34_.png,17
2_6_.png,2
33_28_.png,33
19_45_.png,19
30_29_.png,30
21_93_.png,21
15_28_.png,15
2_66_.png,2
4_23_.png,4
15_44_.png,15
15_14_.png,15
15_77_.png,15
14_23_.png,14
19_71_.png,19
1_0_.png,1
30_15_.png,30
6_13_.png,6
25_48_.png,25
17_82_.png,17
41_38_.png,41
37_17_.png,37
33_82_.png,33
22_88_.png,22
33_64_.png,33
5_40_.png,5
13_67_.png,13
19_26_.png,19
18_0_.png,18
3_30_.png,3
7_68_.png,7
29_85_.png,29
13_14_.png,13
39_99_.png,39
29_38_.png,29
39_5_.png,39
8_17_.png,8
6_29_.png,6
4_18_.png,4
43_76_.png,43
2_61_.png,2
5_68_.png,5
1_75_.png,1
32_96_.png,32
28_68_.png,28
18_25_.png,18
15_75_.png,15
37_84_.png,37
43_91_.png,43
15_96_.png,15
28_18_.png,28
17_2_.png,17
24_31_.png,24
18_40_.png,18
2_39_.png,2
34_18_.png,34
8_83_.png,8
14_48_.png,14
19_35_.png,19
15_48_.png,15
0_61_.png,0
35_86_.png,35
15_22_.png,15
43_35_.png,43
29_66_.png,29
4_51_.png,4
41_84_.png,41
30_8_.png,30
31_80_.png,31
38_54_.png,38
40_18_.png,40
40_17_.png,40
10_17_.png,10
28_4_.png,28
21_1_.png,21
40_37_.png,40
21_69_.png,21
32_36_.png,32
20_22_.png,20
9_39_.png,9
9_8_.png,9
9_60_.png,9
15_32_.png,15
3_77_.png,3
12_80_.png,12
23_25_.png,23
7_78_.png,7
7_73_.png,7
23_83_.png,23
9_47_.png,9
23_64_.png,23
19_80_.png,19
11_38_.png,11
20_49_.png,20
12_88_.png,12
30_80_.png,30
0_60_.png,0
29_98_.png,29
9_67_.png,9
6_89_.png,6
14_63_.png,14
15_81_.png,15
1_84_.png,1
39_7_.png,39
29_6_.png,29
39_53_.png,39
20_76_.png,20
40_34_.png,40
11_15_.png,11
8_74_.png,8
16_24_.png,16
20_29_.png,20
26_9_.png,26
6_38_.png,6
7_83_.png,7
22_33_.png,22
34_11_.png,34
40_60_.png,40
41_47_.png,41
33_9_.png,33
24_81_.png,24
42_31_.png,42
27_49_.png,27
43_53_.png,43
42_7_.png,42
14_13_.png,14
12_14_.png,12
14_54_.png,14
0_96_.png,0
26_66_.png,26
38_44_.png,38
18_94_.png,18
6_62_.png,6
18_52_.png,18
3_7_.png,3
36_49_.png,36
16_41_.png,16
40_29_.png,40
17_39_.png,17
43_25_.png,43
14_91_.png,14
28_72_.png,28
9_7_.png,9
14_98_.png,14
43_87_.png,43
14_37_.png,14
32_11_.png,32
14_94_.png,14
40_26_.png,40
37_67_.png,37
31_4_.png,31
43_40_.png,43
24_7_.png,24
27_65_.png,27
3_83_.png,3
19_74_.png,19
33_94_.png,33
42_79_.png,42
2_72_.png,2
43_54_.png,43
29_35_.png,29
21_20_.png,21
20_7_.png,20
34_24_.png,34
27_33_.png,27
4_95_.png,4
10_85_.png,10
35_48_.png,35
19_8_.png,19
16_53_.png,16
41_2_.png,41
25_64_.png,25
20_87_.png,20
16_17_.png,16
2_53_.png,2
34_20_.png,34
4_53_.png,4
28_45_.png,28
26_73_.png,26
32_97_.png,32
32_48_.png,32
18_21_.png,18
7_90_.png,7
7_92_.png,7
34_1_.png,34
39_89_.png,39
33_30_.png,33
37_26_.png,37
30_89_.png,30
37_57_.png,37
3_70_.png,3
4_31_.png,4
36_95_.png,36
3_35_.png,3
15_46_.png,15
8_88_.png,8
29_42_.png,29
25_15_.png,25
22_87_.png,22
1_42_.png,1
13_39_.png,13
41_78_.png,41
28_29_.png,28
17_57_.png,17
2_16_.png,2
24_71_.png,24
11_74_.png,11
21_50_.png,21
27_27_.png,27
9_68_.png,9
33_35_.png,33
31_39_.png,31
8_52_.png,8
6_92_.png,6
2_41_.png,2
14_73_.png,14
9_19_.png,9
36_52_.png,36
2_20_.png,2
22_63_.png,22
6_15_.png,6
36_34_.png,36
18_47_.png,18
25_18_.png,25
25_28_.png,25
41_42_.png,41
11_48_.png,11
25_12_.png,25
12_11_.png,12
4_17_.png,4
42_22_.png,42
16_67_.png,16
27_5_.png,27
12_56_.png,12
13_9_.png,13
27_12_.png,27
24_66_.png,24
41_6_.png,41
23_35_.png,23
38_93_.png,38
30_43_.png,30
29_40_.png,29
2_37_.png,2
42_66_.png,42
21_35_.png,21
31_86_.png,31
38_63_.png,38
7_29_.png,7
16_33_.png,16
23_43_.png,23
15_84_.png,15
42_13_.png,42
12_46_.png,12
2_74_.png,2
43_22_.png,43
33_51_.png,33
37_73_.png,37
40_43_.png,40
37_88_.png,37
12_97_.png,12
9_84_.png,9
11_17_.png,11
32_33_.png,32
30_63_.png,30
37_50_.png,37
15_72_.png,15
10_13_.png,10
28_44_.png,28
8_40_.png,8
28_73_.png,28
28_25_.png,28
29_50_.png,29
0_62_.png,0
30_33_.png,30
7_30_.png,7
36_20_.png,36
14_86_.png,14
38_1_.png,38
6_8_.png,6
15_62_.png,15
31_57_.png,31
31_87_.png,31
35_76_.png,35
38_4_.png,38
32_59_.png,32
37_38_.png,37
29_73_.png,29
14_20_.png,14
4_65_.png,4
10_15_.png,10
3_10_.png,3
4_59_.png,4
29_1_.png,29
21_47_.png,21
21_6_.png,21
16_14_.png,16
42_28_.png,42
3_92_.png,3
29_37_.png,29
0_26_.png,0
38_8_.png,38
6_1_.png,6
12_72_.png,12
5_71_.png,5
17_93_.png,17
40_93_.png,40
13_86_.png,13
35_38_.png,35
39_2_.png,39
13_79_.png,13
11_65_.png,11
12_98_.png,12
19_54_.png,19
40_40_.png,40
32_58_.png,32
14_87_.png,14
17_35_.png,17
38_52_.png,38
26_48_.png,26
24_22_.png,24
24_83_.png,24
3_0_.png,3
11_34_.png,11
28_10_.png,28
10_25_.png,10
32_24_.png,32
30_76_.png,30
37_6_.png,37
13_80_.png,13
31_31_.png,31
34_28_.png,34
17_59_.png,17
2_47_.png,2
32_70_.png,32
21_29_.png,21
12_64_.png,12
35_11_.png,35
32_20_.png,32
16_59_.png,16
4_24_.png,4
24_82_.png,24
5_64_.png,5
30_88_.png,30
6_25_.png,6
17_58_.png,17
31_88_.png,31
13_54_.png,13
17_18_.png,17
37_12_.png,37
43_62_.png,43
41_88_.png,41
27_70_.png,27
37_7_.png,37
13_74_.png,13
34_56_.png,34
9_40_.png,9
43_8_.png,43
19_34_.png,19
35_42_.png,35
26_56_.png,26
16_57_.png,16
10_63_.png,10
10_75_.png,10
0_31_.png,0
32_32_.png,32
32_79_.png,32
0_50_.png,0
42_17_.png,42
2_5_.png,2
13_26_.png,13
40_72_.png,40
21_5_.png,21
14_53_.png,14
11_40_.png,11
2_34_.png,2
2_71_.png,2
16_34_.png,16
32_29_.png,32
39_44_.png,39
7_4_.png,7
16_54_.png,16
28_95_.png,28
20_71_.png,20
27_73_.png,27
31_37_.png,31
27_61_.png,27
18_11_.png,18
15_65_.png,15
23_53_.png,23
8_61_.png,8
11_80_.png,11
40_82_.png,40
26_85_.png,26
11_31_.png,11
26_12_.png,26
2_62_.png,2
42_89_.png,42
13_11_.png,13
0_99_.png,0
32_39_.png,32
20_55_.png,20
8_82_.png,8
19_59_.png,19
41_59_.png,41
42_53_.png,42
17_14_.png,17
30_35_.png,30
42_21_.png,42
21_23_.png,21
20_48_.png,20
16_45_.png,16
2_64_.png,2
13_0_.png,13
36_62_.png,36
38_49_.png,38
1_7_.png,1
39_43_.png,39
37_49_.png,37
20_37_.png,20
37_44_.png,37
11_62_.png,11
2_92_.png,2
4_54_.png,4
3_47_.png,3
21_87_.png,21
43_58_.png,43
24_46_.png,24
15_79_.png,15
16_15_.png,16
21_60_.png,21
25_93_.png,25
26_21_.png,26
22_13_.png,22
20_30_.png,20
28_85_.png,28
32_19_.png,32
22_59_.png,22
41_10_.png,41
42_96_.png,42
38_3_.png,38
31_44_.png,31
35_92_.png,35
36_88_.png,36
34_53_.png,34
24_8_.png,24
25_58_.png,25
19_25_.png,19
8_32_.png,8
9_5_.png,9
29_27_.png,29
21_90_.png,21
23_97_.png,23
22_79_.png,22
11_22_.png,11
17_19_.png,17
37_23_.png,37
38_58_.png,38
34_68_.png,34
32_67_.png,32
2_36_.png,2
9_62_.png,9
40_19_.png,40
6_60_.png,6
4_28_.png,4
29_99_.png,29
36_10_.png,36
34_14_.png,34
0_95_.png,0
21_36_.png,21
42_84_.png,42
27_43_.png,27
22_30_.png,22
33_87_.png,33
3_38_.png,3
25_10_.png,25
22_12_.png,22
31_11_.png,31
29_3_.png,29
36_51_.png,36
43_59_.png,43
40_73_.png,40
42_49_.png,42
19_44_.png,19
40_5_.png,40
7_85_.png,7
9_54_.png,9
27_25_.png,27
24_3_.png,24
23_45_.png,23
4_74_.png,4
38_18_.png,38
42_29_.png,42
10_60_.png,10
17_63_.png,17
25_60_.png,25
7_1_.png,7
18_63_.png,18
22_76_.png,22
34_89_.png,34
34_2_.png,34
21_48_.png,21
5_34_.png,5
11_60_.png,11
17_31_.png,17
11_57_.png,11
16_25_.png,16
25_71_.png,25
9_15_.png,9
42_24_.png,42
7_72_.png,7
12_66_.png,12
23_56_.png,23
1_90_.png,1
18_33_.png,18
20_73_.png,20
15_61_.png,15
11_89_.png,11
0_41_.png,0
4_20_.png,4
2_89_.png,2
30_31_.png,30
10_79_.png,10
3_62_.png,3
19_51_.png,19
21_80_.png,21
4_43_.png,4
40_53_.png,40
40_3_.png,40
16_51_.png,16
2_58_.png,2
7_52_.png,7
10_7_.png,10
5_2_.png,5
35_69_.png,35
29_88_.png,29
10_11_.png,10
37_30_.png,37
1_26_.png,1
6_45_.png,6
19_4_.png,19
41_73_.png,41
12_91_.png,12
39_87_.png,39
11_94_.png,11
37_80_.png,37
28_42_.png,28
13_13_.png,13
30_50_.png,30
12_84_.png,12
21_97_.png,21
40_14_.png,40
22_18_.png,22
7_87_.png,7
32_83_.png,32
11_19_.png,11
4_47_.png,4
19_6_.png,19
37_47_.png,37
19_58_.png,19
22_61_.png,22
1_78_.png,1
42_36_.png,42
15_52_.png,15
27_82_.png,27
30_44_.png,30
18_30_.png,18
15_18_.png,15
42_25_.png,42
5_13_.png,5
3_55_.png,3
3_69_.png,3
14_88_.png,14
12_89_.png,12
38_30_.png,38
11_24_.png,11
20_25_.png,20
41_99_.png,41
32_69_.png,32
37_87_.png,37
7_45_.png,7
13_38_.png,13
23_13_.png,23
28_52_.png,28
8_43_.png,8
34_5_.png,34
35_49_.png,35
26_26_.png,26
27_71_.png,27
35_90_.png,35
13_75_.png,13
16_20_.png,16
20_0_.png,20
11_93_.png,11
8_39_.png,8
43_88_.png,43
34_13_.png,34
0_5_.png,0
11_8_.png,11
18_44_.png,18
15_50_.png,15
23_4_.png,23
28_43_.png,28
30_19_.png,30
34_87_.png,34
39_10_.png,39
1_74_.png,1
43_38_.png,43
3_61_.png,3
38_46_.png,38
18_26_.png,18
15_11_.png,15
38_65_.png,38
19_42_.png,19
18_8_.png,18
7_97_.png,7
29_95_.png,29
32_77_.png,32
23_50_.png,23
31_58_.png,31
4_34_.png,4
13_10_.png,13
5_79_.png,5
20_13_.png,20
21_11_.png,21
40_63_.png,40
14_46_.png,14
10_97_.png,10
2_25_.png,2
18_42_.png,18
9_96_.png,9
22_80_.png,22
1_4_.png,1
21_84_.png,21
27_45_.png,27
0_32_.png,0
23_26_.png,23
8_53_.png,8
22_52_.png,22
40_35_.png,40
25_27_.png,25
16_46_.png,16
9_12_.png,9
35_34_.png,35
0_76_.png,0
3_27_.png,3
24_56_.png,24
1_58_.png,1
27_91_.png,27
32_71_.png,32
20_65_.png,20
38_57_.png,38
33_12_.png,33
18_80_.png,18
35_91_.png,35
17_71_.png,17
33_91_.png,33
24_52_.png,24
22_92_.png,22
38_41_.png,38
25_52_.png,25
30_97_.png,30
39_42_.png,39
6_68_.png,6
18_88_.png,18
2_50_.png,2
27_55_.png,27
39_97_.png,39
26_27_.png,26
10_9_.png,10
28_41_.png,28
26_32_.png,26
0_97_.png,0
31_81_.png,31
14_78_.png,14
31_53_.png,31
29_87_.png,29
29_78_.png,29
10_44_.png,10
37_90_.png,37
22_14_.png,22
2_96_.png,2
0_16_.png,0
22_5_.png,22
20_56_.png,20
8_38_.png,8
26_43_.png,26
13_45_.png,13
18_97_.png,18
38_25_.png,38
4_96_.png,4
23_72_.png,23
41_1_.png,41
25_63_.png,25
35_8_.png,35
3_88_.png,3
7_21_.png,7
6_80_.png,6
31_34_.png,31
26_29_.png,26
30_20_.png,30
5_19_.png,5
9_45_.png,9
36_55_.png,36
0_69_.png,0
5_5_.png,5
30_37_.png,30
34_47_.png,34
43_61_.png,43
23_19_.png,23
5_6_.png,5
30_6_.png,30
26_64_.png,26
13_23_.png,13
11_90_.png,11
21_32_.png,21
18_1_.png,18
22_74_.png,22
13_1_.png,13
8_7_.png,8
2_33_.png,2
17_45_.png,17
17_64_.png,17
6_96_.png,6
5_61_.png,5
36_30_.png,36
2_30_.png,2
14_3_.png,14
39_82_.png,39
24_84_.png,24
41_51_.png,41
17_90_.png,17
0_65_.png,0
0_12_.png,0
40_98_.png,40
38_17_.png,38
14_14_.png,14
41_23_.png,41
10_3_.png,10
25_26_.png,25
3_95_.png,3
22_3_.png,22
25_39_.png,25
34_59_.png,34
38_67_.png,38
23_21_.png,23
33_26_.png,33
12_5_.png,12
42_71_.png,42
26_38_.png,26
29_52_.png,29
21_95_.png,21
39_88_.png,39
4_27_.png,4
12_4_.png,12
2_22_.png,2
26_91_.png,26
14_26_.png,14
25_33_.png,25
34_60_.png,34
5_53_.png,5
25_16_.png,25
8_13_.png,8
39_98_.png,39
9_0_.png,9
27_57_.png,27
37_18_.png,37
16_47_.png,16
30_23_.png,30
7_50_.png,7
23_75_.png,23
23_8_.png,23
26_16_.png,26
22_68_.png,22
14_74_.png,14
23_85_.png,23
9_85_.png,9
34_71_.png,34
5_31_.png,5
37_95_.png,37
27_95_.png,27
8_84_.png,8
16_77_.png,16
14_61_.png,14
34_73_.png,34
35_81_.png,35
14_11_.png,14
43_80_.png,43
1_47_.png,1
41_92_.png,41
23_38_.png,23
7_84_.png,7
32_53_.png,32
36_80_.png,36
40_15_.png,40
24_96_.png,24
26_68_.png,26
18_54_.png,18
9_94_.png,9
25_0_.png,25
30_68_.png,30
19_61_.png,19
17_30_.png,17
13_48_.png,13
25_88_.png,25
6_22_.png,6
27_41_.png,27
16_37_.png,16
5_69_.png,5
24_67_.png,24
27_47_.png,27
25_1_.png,25
39_45_.png,39
37_69_.png,37
26_93_.png,26
43_83_.png,43
27_7_.png,27
1_31_.png,1
34_81_.png,34
41_56_.png,41
1_65_.png,1
32_81_.png,32
19_40_.png,19
19_28_.png,19
16_66_.png,16
19_97_.png,19
15_74_.png,15
20_53_.png,20
41_62_.png,41
2_2_.png,2
0_27_.png,0
13_27_.png,13
14_17_.png,14
31_21_.png,31
1_38_.png,1
12_12_.png,12
41_50_.png,41
17_98_.png,17
34_33_.png,34
29_77_.png,29
13_19_.png,13
19_93_.png,19
1_66_.png,1
7_77_.png,7
0_89_.png,0
43_90_.png,43
13_35_.png,13
42_39_.png,42
12_96_.png,12
43_46_.png,43
28_78_.png,28
18_19_.png,18
18_86_.png,18
12_73_.png,12
9_81_.png,9
33_47_.png,33
27_51_.png,27
22_15_.png,22
32_46_.png,32
29_36_.png,29
8_36_.png,8
3_43_.png,3
20_39_.png,20
6_81_.png,6
36_97_.png,36
9_6_.png,9
12_22_.png,12
25_80_.png,25
7_42_.png,7
18_58_.png,18
38_72_.png,38
9_99_.png,9
10_8_.png,10
13_70_.png,13
30_86_.png,30
19_20_.png,19
8_42_.png,8
16_30_.png,16
28_90_.png,28
26_76_.png,26
24_27_.png,24
3_54_.png,3
22_23_.png,22
39_62_.png,39
15_69_.png,15
18_73_.png,18
41_35_.png,41
9_27_.png,9
43_65_.png,43
1_67_.png,1
30_32_.png,30
21_19_.png,21
41_75_.png,41
35_22_.png,35
24_49_.png,24
33_33_.png,33
24_93_.png,24
35_72_.png,35
39_33_.png,39
9_56_.png,9
15_53_.png,15
24_70_.png,24
42_37_.png,42
2_97_.png,2
4_22_.png,4
2_43_.png,2
16_5_.png,16
12_57_.png,12
26_50_.png,26
40_68_.png,40
9_97_.png,9
20_44_.png,20
36_48_.png,36
34_49_.png,34
38_23_.png,38
42_57_.png,42
22_49_.png,22
31_94_.png,31
4_89_.png,4
42_45_.png,42
26_34_.png,26
0_58_.png,0
27_59_.png,27
15_27_.png,15
27_79_.png,27
13_41_.png,13
41_68_.png,41
38_56_.png,38
26_35_.png,26
37_94_.png,37
28_9_.png,28
32_14_.png,32
26_54_.png,26
17_43_.png,17
0_7_.png,0
20_26_.png,20
0_71_.png,0
35_12_.png,35
18_77_.png,18
23_1_.png,23
13_8_.png,13
24_61_.png,24
18_50_.png,18
25_20_.png,25
9_98_.png,9
10_12_.png,10
3_75_.png,3
18_84_.png,18
1_62_.png,1
4_0_.png,4
4_85_.png,4
39_24_.png,39
5_41_.png,5
23_69_.png,23
19_24_.png,19
12_17_.png,12
30_49_.png,30
1_35_.png,1
36_13_.png,36
34_51_.png,34
22_0_.png,22
17_6_.png,17
16_80_.png,16
12_83_.png,12
30_10_.png,30
9_86_.png,9
26_98_.png,26
30_67_.png,30
17_3_.png,17
20_41_.png,20
7_47_.png,7
11_14_.png,11
10_74_.png,10
18_29_.png,18
16_4_.png,16
18_78_.png,18
2_78_.png,2
20_92_.png,20
37_42_.png,37
19_31_.png,19
39_65_.png,39
42_97_.png,42
37_61_.png,37
35_2_.png,35
36_17_.png,36
42_42_.png,42
28_80_.png,28
34_9_.png,34
40_20_.png,40
32_51_.png,32
17_87_.png,17
32_82_.png,32
42_82_.png,42
19_92_.png,19
20_1_.png,20
28_84_.png,28
37_46_.png,37
32_30_.png,32
24_24_.png,24
9_10_.png,9
16_2_.png,16
14_2_.png,14
16_39_.png,16
33_84_.png,33
32_9_.png,32
35_83_.png,35
15_8_.png,15
43_51_.png,43
4_16_.png,4
10_72_.png,10
34_26_.png,34
12_76_.png,12
20_40_.png,20
24_36_.png,24
23_36_.png,23
23_54_.png,23
26_5_.png,26
22_28_.png,22
6_26_.png,6
40_7_.png,40
15_3_.png,15
41_83_.png,41
36_15_.png,36
25_50_.png,25
43_17_.png,43
9_34_.png,9
35_88_.png,35
33_0_.png,33
6_4_.png,6
5_66_.png,5
5_87_.png,5
2_75_.png,2
3_3_.png,3
19_64_.png,19
20_4_.png,20
1_72_.png,1
2_8_.png,2
37_92_.png,37
34_3_.png,34
32_31_.png,32
38_75_.png,38
14_16_.png,14
14_92_.png,14
32_80_.png,32
15_6_.png,15
39_83_.png,39
20_36_.png,20
11_25_.png,11
15_4_.png,15
6_40_.png,6
5_55_.png,5
1_60_.png,1
1_92_.png,1
32_6_.png,32
12_38_.png,12
37_91_.png,37
32_90_.png,32
16_6_.png,16
14_19_.png,14
25_34_.png,25
12_74_.png,12
43_39_.png,43
6_42_.png,6
25_35_.png,25
13_37_.png,13
0_98_.png,0
19_7_.png,19
7_57_.png,7
5_3_.png,5
36_32_.png,36
4_48_.png,4
36_39_.png,36
19_69_.png,19
30_91_.png,30
7_27_.png,7
36_59_.png,36
11_36_.png,11
2_98_.png,2
1_48_.png,1
21_79_.png,21
42_15_.png,42
25_78_.png,25
0_83_.png,0
2_55_.png,2
3_80_.png,3
28_37_.png,28
1_41_.png,1
30_79_.png,30
34_57_.png,34
35_80_.png,35
42_14_.png,42
39_52_.png,39
19_32_.png,19
10_73_.png,10
43_70_.png,43
22_90_.png,22
9_88_.png,9
37_4_.png,37
0_54_.png,0
15_95_.png,15
28_31_.png,28
18_12_.png,18
10_56_.png,10
17_69_.png,17
42_30_.png,42
9_14_.png,9
41_90_.png,41
33_69_.png,33
5_50_.png,5
14_6_.png,14
19_67_.png,19
41_20_.png,41
0_86_.png,0
6_5_.png,6
8_92_.png,8
41_85_.png,41
2_65_.png,2
26_44_.png,26
1_40_.png,1
31_24_.png,31
7_79_.png,7
20_74_.png,20
17_80_.png,17
23_15_.png,23
0_19_.png,0
20_16_.png,20
4_38_.png,4
20_79_.png,20
21_42_.png,21
9_48_.png,9
8_58_.png,8
14_82_.png,14
37_43_.png,37
26_24_.png,26
2_18_.png,2
19_56_.png,19
32_68_.png,32
28_46_.png,28
17_12_.png,17
7_63_.png,7
26_90_.png,26
38_5_.png,38
6_46_.png,6
18_68_.png,18
31_29_.png,31
32_16_.png,32
5_27_.png,5
2_63_.png,2
34_67_.png,34
1_30_.png,1
9_13_.png,9
33_6_.png,33
29_8_.png,29
10_98_.png,10
24_63_.png,24
28_15_.png,28
18_96_.png,18
34_74_.png,34
27_38_.png,27
12_52_.png,12
3_89_.png,3
30_5_.png,30
38_55_.png,38
23_82_.png,23
0_17_.png,0
22_51_.png,22
19_50_.png,19
17_7_.png,17
21_10_.png,21
29_54_.png,29
38_83_.png,38
37_9_.png,37
32_26_.png,32
9_57_.png,9
43_94_.png,43
42_44_.png,42
28_26_.png,28
28_97_.png,28
6_93_.png,6
16_61_.png,16
8_49_.png,8
38_40_.png,38
39_90_.png,39
17_10_.png,17
10_55_.png,10
40_16_.png,40
30_77_.png,30
31_72_.png,31
31_68_.png,31
14_1_.png,14
10_23_.png,10
22_37_.png,22
2_1_.png,2
30_48_.png,30
8_47_.png,8
27_53_.png,27
23_52_.png,23
9_70_.png,9
26_70_.png,26
25_69_.png,25
2_52_.png,2
34_50_.png,34
24_5_.png,24
36_22_.png,36
19_19_.png,19
21_94_.png,21
27_44_.png,27
34_29_.png,34
24_48_.png,24
32_88_.png,32
26_78_.png,26
6_43_.png,6
27_74_.png,27
33_41_.png,33
41_54_.png,41
43_28_.png,43
0_82_.png,0
38_81_.png,38
13_76_.png,13
34_70_.png,34
25_81_.png,25
33_49_.png,33
22_11_.png,22
41_97_.png,41
30_59_.png,30
25_54_.png,25
37_66_.png,37
34_84_.png,34
43_32_.png,43
38_94_.png,38
0_59_.png,0
26_92_.png,26
20_94_.png,20
16_42_.png,16
6_87_.png,6
35_67_.png,35
31_10_.png,31
33_4_.png,33
28_82_.png,28
7_88_.png,7
17_53_.png,17
10_49_.png,10
2_60_.png,2
4_11_.png,4
16_19_.png,16
39_14_.png,39
19_55_.png,19
3_82_.png,3
39_93_.png,39
18_61_.png,18
38_15_.png,38
4_29_.png,4
5_94_.png,5
30_26_.png,30
22_7_.png,22
9_87_.png,9
20_2_.png,20
31_75_.png,31
17_42_.png,17
40_58_.png,40
33_80_.png,33
36_9_.png,36
2_29_.png,2
30_70_.png,30
10_47_.png,10
5_44_.png,5
36_2_.png,36
6_16_.png,6
43_27_.png,43
15_35_.png,15
36_60_.png,36
22_40_.png,22
37_65_.png,37
40_32_.png,40
5_15_.png,5
6_37_.png,6
13_65_.png,13
0_53_.png,0
14_76_.png,14
39_30_.png,39
29_24_.png,29
30_38_.png,30
16_23_.png,16
40_24_.png,40
32_28_.png,32
29_60_.png,29
10_39_.png,10
9_95_.png,9
7_16_.png,7
34_16_.png,34
11_79_.png,11
31_62_.png,31
43_16_.png,43
40_41_.png,40
17_40_.png,17
21_22_.png,21
0_33_.png,0
1_82_.png,1
40_28_.png,40
6_76_.png,6
37_56_.png,37
0_55_.png,0
28_34_.png,28
29_69_.png,29
18_36_.png,18
8_73_.png,8
38_78_.png,38
24_41_.png,24
35_31_.png,35
34_83_.png,34
4_84_.png,4
26_13_.png,26
3_91_.png,3
30_85_.png,30
8_90_.png,8
31_54_.png,31
38_66_.png,38
18_13_.png,18
9_51_.png,9
27_36_.png,27
35_39_.png,35
39_92_.png,39
35_58_.png,35
7_59_.png,7
43_29_.png,43
34_19_.png,34
27_68_.png,27
43_56_.png,43
36_47_.png,36
6_36_.png,6
8_35_.png,8
9_90_.png,9
37_53_.png,37
40_51_.png,40
38_96_.png,38
36_18_.png,36
6_67_.png,6
16_3_.png,16
18_32_.png,18
24_12_.png,24
12_18_.png,12
35_94_.png,35
6_33_.png,6
13_40_.png,13
7_8_.png,7
13_97_.png,13
21_51_.png,21
22_32_.png,22
15_38_.png,15
39_96_.png,39
25_98_.png,25
39_79_.png,39
32_76_.png,32
16_1_.png,16
19_53_.png,19
30_11_.png,30
37_22_.png,37
19_72_.png,19
39_48_.png,39
43_30_.png,43
7_82_.png,7
25_92_.png,25
36_4_.png,36
38_95_.png,38
37_2_.png,37
4_49_.png,4
8_76_.png,8
42_94_.png,42
42_34_.png,42
39_32_.png,39
42_81_.png,42
11_11_.png,11
3_40_.png,3
37_78_.png,37
17_41_.png,17
8_20_.png,8
16_83_.png,16
28_71_.png,28
36_93_.png,36
14_0_.png,14
5_97_.png,5
3_51_.png,3
14_24_.png,14
27_69_.png,27
31_27_.png,31
24_53_.png,24
29_46_.png,29
16_58_.png,16
36_87_.png,36
16_13_.png,16
13_16_.png,13
37_20_.png,37
19_36_.png,19
20_97_.png,20
12_44_.png,12
43_50_.png,43
10_64_.png,10
22_89_.png,22
23_20_.png,23
38_89_.png,38
26_53_.png,26
9_31_.png,9
36_90_.png,36
9_92_.png,9
3_26_.png,3
38_77_.png,38
19_12_.png,19
4_5_.png,4
32_13_.png,32
3_11_.png,3
41_27_.png,41
21_3_.png,21
36_66_.png,36
36_94_.png,36
16_48_.png,16
25_99_.png,25
37_39_.png,37
21_44_.png,21
14_31_.png,14
3_72_.png,3
20_10_.png,20
38_59_.png,38
13_53_.png,13
25_90_.png,25
43_72_.png,43
12_79_.png,12
40_30_.png,40
20_90_.png,20
27_52_.png,27
35_51_.png,35
41_26_.png,41
2_32_.png,2
1_91_.png,1
22_31_.png,22
22_99_.png,22
39_74_.png,39
22_95_.png,22
0_47_.png,0
36_35_.png,36
7_11_.png,7
10_76_.png,10
20_5_.png,20
19_91_.png,19
2_81_.png,2
36_19_.png,36
24_76_.png,24
26_69_.png,26
19_70_.png,19
8_34_.png,8
32_87_.png,32
20_95_.png,20
13_90_.png,13
26_17_.png,26
18_66_.png,18
37_81_.png,37
1_32_.png,1
7_71_.png,7
12_94_.png,12
2_35_.png,2
36_84_.png,36
33_63_.png,33
24_16_.png,24
20_57_.png,20
24_74_.png,24
14_95_.png,14
30_62_.png,30
22_71_.png,22
32_72_.png,32
12_19_.png,12
5_0_.png,5
13_18_.png,13
32_66_.png,32
3_52_.png,3
22_10_.png,22
3_96_.png,3
5_11_.png,5
31_8_.png,31
35_32_.png,35
15_1_.png,15
20_3_.png,20
29_45_.png,29
18_98_.png,18
17_89_.png,17
21_89_.png,21
25_74_.png,25
27_29_.png,27
24_91_.png,24
30_54_.png,30
30_74_.png,30
39_17_.png,39
9_44_.png,9
12_20_.png,12
14_15_.png,14
33_73_.png,33
37_96_.png,37
14_66_.png,14
3_65_.png,3
27_9_.png,27
41_41_.png,41
9_79_.png,9
17_75_.png,17
13_85_.png,13
0_68_.png,0
20_52_.png,20
10_94_.png,10
8_77_.png,8
27_83_.png,27
26_88_.png,26
26_3_.png,26
40_47_.png,40
34_31_.png,34
32_7_.png,32
5_93_.png,5
22_65_.png,22
36_68_.png,36
9_91_.png,9
21_21_.png,21
19_52_.png,19
17_62_.png,17
25_41_.png,25
18_24_.png,18
24_72_.png,24
23_11_.png,23
14_81_.png,14
30_24_.png,30
6_61_.png,6
43_12_.png,43
17_46_.png,17
18_72_.png,18
18_67_.png,18
35_71_.png,35
21_39_.png,21
10_70_.png,10
24_14_.png,24
26_61_.png,26
9_22_.png,9
14_12_.png,14
9_66_.png,9
3_20_.png,3
32_4_.png,32
27_46_.png,27
17_5_.png,17
35_97_.png,35
16_32_.png,16
4_41_.png,4
35_53_.png,35
5_52_.png,5
34_36_.png,34
15_21_.png,15
8_11_.png,8
40_38_.png,40
13_77_.png,13
40_46_.png,40
21_64_.png,21
26_55_.png,26
7_91_.png,7
32_49_.png,32
1_73_.png,1
18_57_.png,18
35_14_.png,35
7_39_.png,7
26_63_.png,26
5_81_.png,5
31_35_.png,31
2_94_.png,2
43_10_.png,43
6_2_.png,6
37_45_.png,37
30_52_.png,30
3_36_.png,3
5_25_.png,5
18_71_.png,18
21_91_.png,21
34_45_.png,34
3_39_.png,3
9_78_.png,9
25_59_.png,25
42_4_.png,42
39_59_.png,39
7_94_.png,7
6_27_.png,6
42_54_.png,42
14_27_.png,14
6_72_.png,6
6_11_.png,6
8_71_.png,8
1_76_.png,1
23_37_.png,23
33_5_.png,33
42_19_.png,42
42_87_.png,42
3_68_.png,3
15_97_.png,15
32_60_.png,32
41_91_.png,41
0_40_.png,0
33_19_.png,33
31_26_.png,31
4_32_.png,4
3_31_.png,3
19_33_.png,19
30_22_.png,30
1_68_.png,1
43_20_.png,43
9_41_.png,9
15_20_.png,15
1_13_.png,1
14_67_.png,14
14_85_.png,14
0_72_.png,0
1_86_.png,1
34_61_.png,34
1_27_.png,1
20_50_.png,20
16_11_.png,16
32_34_.png,32
6_64_.png,6
9_20_.png,9
28_58_.png,28
13_84_.png,13
12_93_.png,12
15_82_.png,15
13_4_.png,13
32_45_.png,32
23_18_.png,23
14_49_.png,14
22_8_.png,22
14_10_.png,14
40_21_.png,40
20_6_.png,20
31_43_.png,31
3_37_.png,3
15_86_.png,15
11_71_.png,11
17_60_.png,17
27_1_.png,27
38_88_.png,38
5_49_.png,5
18_62_.png,18
33_61_.png,33
35_20_.png,35
33_98_.png,33
25_22_.png,25
42_47_.png,42
7_23_.png,7
4_35_.png,4
14_35_.png,14
23_94_.png,23
20_81_.png,20
36_82_.png,36
40_2_.png,40
1_3_.png,1
2_68_.png,2
20_93_.png,20
22_83_.png,22
5_86_.png,5
10_91_.png,10
33_16_.png,33
9_80_.png,9
40_84_.png,40
1_28_.png,1
27_31_.png,27
39_70_.png,39
29_59_.png,29
5_57_.png,5
0_92_.png,0
9_82_.png,9
9_76_.png,9
14_72_.png,14
30_30_.png,30
10_5_.png,10
8_2_.png,8
36_42_.png,36
23_88_.png,23
33_88_.png,33
35_9_.png,35
28_28_.png,28
2_56_.png,2
35_70_.png,35
38_69_.png,38
30_45_.png,30
26_86_.png,26
6_98_.png,6
16_52_.png,16
9_29_.png,9
29_48_.png,29
24_34_.png,24
24_77_.png,24
28_91_.png,28
25_8_.png,25
38_9_.png,38
9_38_.png,9
13_3_.png,13
28_79_.png,28
12_34_.png,12
33_32_.png,33
4_69_.png,4
12_2_.png,12
43_68_.png,43
42_93_.png,42
7_70_.png,7
24_58_.png,24
12_9_.png,12
9_43_.png,9
4_76_.png,4
1_53_.png,1
14_18_.png,14
27_34_.png,27
1_10_.png,1
6_23_.png,6
21_65_.png,21
20_20_.png,20
25_55_.png,25
38_34_.png,38
12_48_.png,12
38_7_.png,38
14_99_.png,14
40_33_.png,40
33_85_.png,33
17_51_.png,17
33_11_.png,33
10_65_.png,10
15_76_.png,15
4_73_.png,4
19_84_.png,19
15_99_.png,15
39_80_.png,39
40_13_.png,40
23_23_.png,23
22_77_.png,22
40_86_.png,40
35_55_.png,35
35_93_.png,35
6_79_.png,6
3_15_.png,3
25_97_.png,25
38_19_.png,38
10_27_.png,10
22_1_.png,22
17_68_.png,17
8_97_.png,8
29_12_.png,29
11_5_.png,11
11_26_.png,11
29_56_.png,29
38_36_.png,38
5_8_.png,5
30_25_.png,30
9_18_.png,9
19_73_.png,19
31_40_.png,31
18_79_.png,18
41_96_.png,41
26_94_.png,26
0_70_.png,0
37_68_.png,37
0_79_.png,0
0_25_.png,0
17_96_.png,17
20_69_.png,20
4_8_.png,4
2_57_.png,2
25_95_.png,25
3_28_.png,3
31_28_.png,31
22_25_.png,22
36_56_.png,36
28_76_.png,28
38_33_.png,38
22_4_.png,22
39_39_.png,39
43_26_.png,43
41_14_.png,41
31_1_.png,31
32_50_.png,32
33_45_.png,33
10_77_.png,10
4_46_.png,4
23_66_.png,23
26_47_.png,26
3_44_.png,3
23_58_.png,23
16_40_.png,16
19_77_.png,19
12_47_.png,12
25_47_.png,25
23_40_.png,23
24_17_.png,24
14_58_.png,14
6_90_.png,6
35_78_.png,35
0_38_.png,0
3_22_.png,3
24_23_.png,24
9_35_.png,9
1_95_.png,1
8_23_.png,8
18_22_.png,18
4_40_.png,4
30_2_.png,30
41_21_.png,41
20_28_.png,20
30_98_.png,30
42_76_.png,42
36_21_.png,36
26_6_.png,26
21_68_.png,21
39_78_.png,39
24_0_.png,24
8_87_.png,8
24_62_.png,24
39_57_.png,39
24_57_.png,24
21_73_.png,21
29_41_.png,29
10_90_.png,10
7_19_.png,7
23_95_.png,23
31_96_.png,31
2_17_.png,2
27_0_.png,27
4_92_.png,4
28_53_.png,28
