filename,labels
img_0_0.jpg,0
img_1_1.jpg,1
img_2_2.jpg,2
img_3_3.jpg,3
img_4_4.jpg,4
img_5_5.jpg,5
img_6_6.jpg,6
img_7_7.jpg,7
img_8_8.jpg,8
img_9_9.jpg,9
img_10_10.jpg,10
img_11_11.jpg,11
img_12_12.jpg,12
img_13_13.jpg,13
img_14_14.jpg,14
img_15_15.jpg,15
img_16_16.jpg,16
img_17_17.jpg,17
img_18_18.jpg,18
img_19_19.jpg,19
img_20_20.jpg,20
img_21_21.jpg,21
img_22_22.jpg,22
img_23_23.jpg,23
img_24_24.jpg,24
img_25_25.jpg,25
img_26_26.jpg,26
img_27_27.jpg,27
img_28_28.jpg,28
img_29_29.jpg,29
img_30_30.jpg,30
img_31_31.jpg,31
img_32_32.jpg,32
img_33_33.jpg,33
img_34_34.jpg,34
img_35_35.jpg,35
img_36_36.jpg,36
img_0_37.jpg,0
img_1_38.jpg,1
img_2_39.jpg,2
img_3_40.jpg,3
img_4_41.jpg,4
img_5_42.jpg,5
img_6_43.jpg,6
img_7_44.jpg,7
img_8_45.jpg,8
img_9_46.jpg,9
img_10_47.jpg,10
img_11_48.jpg,11
img_12_49.jpg,12
img_13_50.jpg,13
img_14_51.jpg,14
img_15_52.jpg,15
img_16_53.jpg,16
img_17_54.jpg,17
img_18_55.jpg,18
img_19_56.jpg,19
img_20_57.jpg,20
img_21_58.jpg,21
img_22_59.jpg,22
img_23_60.jpg,23
img_24_61.jpg,24
img_25_62.jpg,25
img_26_63.jpg,26
img_27_64.jpg,27
img_28_65.jpg,28
img_29_66.jpg,29
img_30_67.jpg,30
img_31_68.jpg,31
img_32_69.jpg,32
img_33_70.jpg,33
img_34_71.jpg,34
img_35_72.jpg,35
img_36_73.jpg,36
img_0_74.jpg,0
img_1_75.jpg,1
img_2_76.jpg,2
img_3_77.jpg,3
img_4_78.jpg,4
img_5_79.jpg,5
img_6_80.jpg,6
img_7_81.jpg,7
img_8_82.jpg,8
img_9_83.jpg,9
img_10_84.jpg,10
img_11_85.jpg,11
img_12_86.jpg,12
img_13_87.jpg,13
img_14_88.jpg,14
img_15_89.jpg,15
img_16_90.jpg,16
img_17_91.jpg,17
img_18_92.jpg,18
img_19_93.jpg,19
img_20_94.jpg,20
img_21_95.jpg,21
img_22_96.jpg,22
img_23_97.jpg,23
img_24_98.jpg,24
img_25_99.jpg,25
img_26_100.jpg,26
img_27_101.jpg,27
img_28_102.jpg,28
img_29_103.jpg,29
img_30_104.jpg,30
img_31_105.jpg,31
img_32_106.jpg,32
img_33_107.jpg,33
img_34_108.jpg,34
img_35_109.jpg,35
img_36_110.jpg,36
img_0_111.jpg,0
img_1_112.jpg,1
img_2_113.jpg,2
img_3_114.jpg,3
img_4_115.jpg,4
img_5_116.jpg,5
img_6_117.jpg,6
img_7_118.jpg,7
img_8_119.jpg,8
img_9_120.jpg,9
img_10_121.jpg,10
img_11_122.jpg,11
img_12_123.jpg,12
img_13_124.jpg,13
img_14_125.jpg,14
img_15_126.jpg,15
img_16_127.jpg,16
img_17_128.jpg,17
img_18_129.jpg,18
img_19_130.jpg,19
img_20_131.jpg,20
img_21_132.jpg,21
img_22_133.jpg,22
img_23_134.jpg,23
img_24_135.jpg,24
img_25_136.jpg,25
img_26_137.jpg,26
img_27_138.jpg,27
img_28_139.jpg,28
img_29_140.jpg,29
img_30_141.jpg,30
img_31_142.jpg,31
img_32_143.jpg,32
img_33_144.jpg,33
img_34_145.jpg,34
img_35_146.jpg,35
img_36_147.jpg,36
img_0_148.jpg,0
img_1_149.jpg,1
img_2_150.jpg,2
img_3_151.jpg,3
img_4_152.jpg,4
img_5_153.jpg,5
img_6_154.jpg,6
img_7_155.jpg,7
img_8_156.jpg,8
img_9_157.jpg,9
img_10_158.jpg,10
img_11_159.jpg,11
img_12_160.jpg,12
img_13_161.jpg,13
img_14_162.jpg,14
img_15_163.jpg,15
img_16_164.jpg,16
img_17_165.jpg,17
img_18_166.jpg,18
img_19_167.jpg,19
img_20_168.jpg,20
img_21_169.jpg,21
img_22_170.jpg,22
img_23_171.jpg,23
img_24_172.jpg,24
img_25_173.jpg,25
img_26_174.jpg,26
img_27_175.jpg,27
img_28_176.jpg,28
img_29_177.jpg,29
img_30_178.jpg,30
img_31_179.jpg,31
img_32_180.jpg,32
img_33_181.jpg,33
img_34_182.jpg,34
img_35_183.jpg,35
img_36_184.jpg,36
img_0_185.jpg,0
img_1_186.jpg,1
img_2_187.jpg,2
img_3_188.jpg,3
img_4_189.jpg,4
img_5_190.jpg,5
img_6_191.jpg,6
img_7_192.jpg,7
img_8_193.jpg,8
img_9_194.jpg,9
img_10_195.jpg,10
img_11_196.jpg,11
img_12_197.jpg,12
img_13_198.jpg,13
img_14_199.jpg,14
img_15_200.jpg,15
img_16_201.jpg,16
img_17_202.jpg,17
img_18_203.jpg,18
img_19_204.jpg,19
img_20_205.jpg,20
img_21_206.jpg,21
img_22_207.jpg,22
img_23_208.jpg,23
img_24_209.jpg,24
img_25_210.jpg,25
img_26_211.jpg,26
img_27_212.jpg,27
img_28_213.jpg,28
img_29_214.jpg,29
img_30_215.jpg,30
img_31_216.jpg,31
img_32_217.jpg,32
img_33_218.jpg,33
img_34_219.jpg,34
img_35_220.jpg,35
img_36_221.jpg,36
img_0_222.jpg,0
img_1_223.jpg,1
img_2_224.jpg,2
img_3_225.jpg,3
img_4_226.jpg,4
img_5_227.jpg,5
img_6_228.jpg,6
img_7_229.jpg,7
img_8_230.jpg,8
img_9_231.jpg,9
img_10_232.jpg,10
img_11_233.jpg,11
img_12_234.jpg,12
img_13_235.jpg,13
img_14_236.jpg,14
img_15_237.jpg,15
img_16_238.jpg,16
img_17_239.jpg,17
img_18_240.jpg,18
img_19_241.jpg,19
img_20_242.jpg,20
img_21_243.jpg,21
img_22_244.jpg,22
img_23_245.jpg,23
img_24_246.jpg,24
img_25_247.jpg,25
img_26_248.jpg,26
img_27_249.jpg,27
img_28_250.jpg,28
img_29_251.jpg,29
img_30_252.jpg,30
img_31_253.jpg,31
img_32_254.jpg,32
img_33_255.jpg,33
img_34_256.jpg,34
img_35_257.jpg,35
img_36_258.jpg,36
img_0_259.jpg,0
img_1_260.jpg,1
img_2_261.jpg,2
img_3_262.jpg,3
img_4_263.jpg,4
img_5_264.jpg,5
img_6_265.jpg,6
img_7_266.jpg,7
img_8_267.jpg,8
img_9_268.jpg,9
img_10_269.jpg,10
img_11_270.jpg,11
img_12_271.jpg,12
img_13_272.jpg,13
img_14_273.jpg,14
img_15_274.jpg,15
img_16_275.jpg,16
img_17_276.jpg,17
img_18_277.jpg,18
img_19_278.jpg,19
img_20_279.jpg,20
img_21_280.jpg,21
img_22_281.jpg,22
img_23_282.jpg,23
img_24_283.jpg,24
img_25_284.jpg,25
img_26_285.jpg,26
img_27_286.jpg,27
img_28_287.jpg,28
img_29_288.jpg,29
img_30_289.jpg,30
img_31_290.jpg,31
img_32_291.jpg,32
img_33_292.jpg,33
img_34_293.jpg,34
img_35_294.jpg,35
img_36_295.jpg,36
img_0_296.jpg,0
img_1_297.jpg,1
img_2_298.jpg,2
img_3_299.jpg,3
img_4_300.jpg,4
img_5_301.jpg,5
img_6_302.jpg,6
img_7_303.jpg,7
img_8_304.jpg,8
img_9_305.jpg,9
img_10_306.jpg,10
img_11_307.jpg,11
img_12_308.jpg,12
img_13_309.jpg,13
img_14_310.jpg,14
img_15_311.jpg,15
img_16_312.jpg,16
img_17_313.jpg,17
img_18_314.jpg,18
img_19_315.jpg,19
img_20_316.jpg,20
img_21_317.jpg,21
img_22_318.jpg,22
img_23_319.jpg,23
img_24_320.jpg,24
img_25_321.jpg,25
img_26_322.jpg,26
img_27_323.jpg,27
img_28_324.jpg,28
img_29_325.jpg,29
img_30_326.jpg,30
img_31_327.jpg,31
img_32_328.jpg,32
img_33_329.jpg,33
img_34_330.jpg,34
img_35_331.jpg,35
img_36_332.jpg,36
img_0_333.jpg,0
img_1_334.jpg,1
img_2_335.jpg,2
img_3_336.jpg,3
img_4_337.jpg,4
img_5_338.jpg,5
img_6_339.jpg,6
img_7_340.jpg,7
img_8_341.jpg,8
img_9_342.jpg,9
img_10_343.jpg,10
img_11_344.jpg,11
img_12_345.jpg,12
img_13_346.jpg,13
img_14_347.jpg,14
img_15_348.jpg,15
img_16_349.jpg,16
img_17_350.jpg,17
img_18_351.jpg,18
img_19_352.jpg,19
img_20_353.jpg,20
img_21_354.jpg,21
img_22_355.jpg,22
img_23_356.jpg,23
img_24_357.jpg,24
img_25_358.jpg,25
img_26_359.jpg,26
img_27_360.jpg,27
img_28_361.jpg,28
img_29_362.jpg,29
img_30_363.jpg,30
img_31_364.jpg,31
img_32_365.jpg,32
img_33_366.jpg,33
img_34_367.jpg,34
img_35_368.jpg,35
img_36_369.jpg,36
img_0_370.jpg,0
img_1_371.jpg,1
img_2_372.jpg,2
img_3_373.jpg,3
img_4_374.jpg,4
img_5_375.jpg,5
img_6_376.jpg,6
img_7_377.jpg,7
img_8_378.jpg,8
img_9_379.jpg,9
img_10_380.jpg,10
img_11_381.jpg,11
img_12_382.jpg,12
img_13_383.jpg,13
img_14_384.jpg,14
img_15_385.jpg,15
img_16_386.jpg,16
img_17_387.jpg,17
img_18_388.jpg,18
img_19_389.jpg,19
img_20_390.jpg,20
img_21_391.jpg,21
img_22_392.jpg,22
img_23_393.jpg,23
img_24_394.jpg,24
img_25_395.jpg,25
img_26_396.jpg,26
img_27_397.jpg,27
img_28_398.jpg,28
img_29_399.jpg,29
img_30_400.jpg,30
img_31_401.jpg,31
img_32_402.jpg,32
img_33_403.jpg,33
img_34_404.jpg,34
img_35_405.jpg,35
img_36_406.jpg,36
img_0_407.jpg,0
img_1_408.jpg,1
img_2_409.jpg,2
img_3_410.jpg,3
img_4_411.jpg,4
img_5_412.jpg,5
img_6_413.jpg,6
img_7_414.jpg,7
img_8_415.jpg,8
img_9_416.jpg,9
img_10_417.jpg,10
img_11_418.jpg,11
img_12_419.jpg,12
img_13_420.jpg,13
img_14_421.jpg,14
img_15_422.jpg,15
img_16_423.jpg,16
img_17_424.jpg,17
img_18_425.jpg,18
img_19_426.jpg,19
img_20_427.jpg,20
img_21_428.jpg,21
img_22_429.jpg,22
img_23_430.jpg,23
img_24_431.jpg,24
img_25_432.jpg,25
img_26_433.jpg,26
img_27_434.jpg,27
img_28_435.jpg,28
img_29_436.jpg,29
img_30_437.jpg,30
img_31_438.jpg,31
img_32_439.jpg,32
img_33_440.jpg,33
img_34_441.jpg,34
img_35_442.jpg,35
img_36_443.jpg,36
img_0_444.jpg,0
img_1_445.jpg,1
img_2_446.jpg,2
img_3_447.jpg,3
img_4_448.jpg,4
img_5_449.jpg,5
img_6_450.jpg,6
img_7_451.jpg,7
img_8_452.jpg,8
img_9_453.jpg,9
img_10_454.jpg,10
img_11_455.jpg,11
img_12_456.jpg,12
img_13_457.jpg,13
img_14_458.jpg,14
img_15_459.jpg,15
img_16_460.jpg,16
img_17_461.jpg,17
img_18_462.jpg,18
img_19_463.jpg,19
img_20_464.jpg,20
img_21_465.jpg,21
img_22_466.jpg,22
img_23_467.jpg,23
img_24_468.jpg,24
img_25_469.jpg,25
img_26_470.jpg,26
img_27_471.jpg,27
img_28_472.jpg,28
img_29_473.jpg,29
img_30_474.jpg,30
img_31_475.jpg,31
img_32_476.jpg,32
img_33_477.jpg,33
img_34_478.jpg,34
img_35_479.jpg,35
img_36_480.jpg,36
img_0_481.jpg,0
img_1_482.jpg,1
img_2_483.jpg,2
img_3_484.jpg,3
img_4_485.jpg,4
img_5_486.jpg,5
img_6_487.jpg,6
img_7_488.jpg,7
img_8_489.jpg,8
img_9_490.jpg,9
img_10_491.jpg,10
img_11_492.jpg,11
img_12_493.jpg,12
img_13_494.jpg,13
img_14_495.jpg,14
img_15_496.jpg,15
img_16_497.jpg,16
img_17_498.jpg,17
img_18_499.jpg,18
img_19_500.jpg,19
img_20_501.jpg,20
img_21_502.jpg,21
img_22_503.jpg,22
img_23_504.jpg,23
img_24_505.jpg,24
img_25_506.jpg,25
img_26_507.jpg,26
img_27_508.jpg,27
img_28_509.jpg,28
img_29_510.jpg,29
img_30_511.jpg,30
img_31_512.jpg,31
img_32_513.jpg,32
img_33_514.jpg,33
img_34_515.jpg,34
img_35_516.jpg,35
img_36_517.jpg,36
img_0_518.jpg,0
img_1_519.jpg,1
img_2_520.jpg,2
img_3_521.jpg,3
img_4_522.jpg,4
img_5_523.jpg,5
img_6_524.jpg,6
img_7_525.jpg,7
img_8_526.jpg,8
img_9_527.jpg,9
img_10_528.jpg,10
img_11_529.jpg,11
img_12_530.jpg,12
img_13_531.jpg,13
img_14_532.jpg,14
img_15_533.jpg,15
img_16_534.jpg,16
img_17_535.jpg,17
img_18_536.jpg,18
img_19_537.jpg,19
img_20_538.jpg,20
img_21_539.jpg,21
img_22_540.jpg,22
img_23_541.jpg,23
img_24_542.jpg,24
img_25_543.jpg,25
img_26_544.jpg,26
img_27_545.jpg,27
img_28_546.jpg,28
img_29_547.jpg,29
img_30_548.jpg,30
img_31_549.jpg,31
img_32_550.jpg,32
img_33_551.jpg,33
img_34_552.jpg,34
img_35_553.jpg,35
img_36_554.jpg,36
img_0_555.jpg,0
img_1_556.jpg,1
img_2_557.jpg,2
img_3_558.jpg,3
img_4_559.jpg,4
img_5_560.jpg,5
img_6_561.jpg,6
img_7_562.jpg,7
img_8_563.jpg,8
img_9_564.jpg,9
img_10_565.jpg,10
img_11_566.jpg,11
img_12_567.jpg,12
img_13_568.jpg,13
img_14_569.jpg,14
img_15_570.jpg,15
img_16_571.jpg,16
img_17_572.jpg,17
img_18_573.jpg,18
img_19_574.jpg,19
img_20_575.jpg,20
img_21_576.jpg,21
img_22_577.jpg,22
img_23_578.jpg,23
img_24_579.jpg,24
img_25_580.jpg,25
img_26_581.jpg,26
img_27_582.jpg,27
img_28_583.jpg,28
img_29_584.jpg,29
img_30_585.jpg,30
img_31_586.jpg,31
img_32_587.jpg,32
img_33_588.jpg,33
img_34_589.jpg,34
img_35_590.jpg,35
img_36_591.jpg,36
img_0_592.jpg,0
img_1_593.jpg,1
img_2_594.jpg,2
img_3_595.jpg,3
img_4_596.jpg,4
img_5_597.jpg,5
img_6_598.jpg,6
img_7_599.jpg,7
img_8_600.jpg,8
img_9_601.jpg,9
img_10_602.jpg,10
img_11_603.jpg,11
img_12_604.jpg,12
img_13_605.jpg,13
img_14_606.jpg,14
img_15_607.jpg,15
img_16_608.jpg,16
img_17_609.jpg,17
img_18_610.jpg,18
img_19_611.jpg,19
img_20_612.jpg,20
img_21_613.jpg,21
img_22_614.jpg,22
img_23_615.jpg,23
img_24_616.jpg,24
img_25_617.jpg,25
img_26_618.jpg,26
img_27_619.jpg,27
img_28_620.jpg,28
img_29_621.jpg,29
img_30_622.jpg,30
img_31_623.jpg,31
img_32_624.jpg,32
img_33_625.jpg,33
img_34_626.jpg,34
img_35_627.jpg,35
img_36_628.jpg,36
img_0_629.jpg,0
img_1_630.jpg,1
img_2_631.jpg,2
img_3_632.jpg,3
img_4_633.jpg,4
img_5_634.jpg,5
img_6_635.jpg,6
img_7_636.jpg,7
img_8_637.jpg,8
img_9_638.jpg,9
img_10_639.jpg,10
img_11_640.jpg,11
img_12_641.jpg,12
img_13_642.jpg,13
img_14_643.jpg,14
img_15_644.jpg,15
img_16_645.jpg,16
img_17_646.jpg,17
img_18_647.jpg,18
img_19_648.jpg,19
img_20_649.jpg,20
img_21_650.jpg,21
img_22_651.jpg,22
img_23_652.jpg,23
img_24_653.jpg,24
img_25_654.jpg,25
img_26_655.jpg,26
img_27_656.jpg,27
img_28_657.jpg,28
img_29_658.jpg,29
img_30_659.jpg,30
img_31_660.jpg,31
img_32_661.jpg,32
img_33_662.jpg,33
img_34_663.jpg,34
img_35_664.jpg,35
img_36_665.jpg,36
img_0_666.jpg,0
img_1_667.jpg,1
img_2_668.jpg,2
img_3_669.jpg,3
img_4_670.jpg,4
img_5_671.jpg,5
img_6_672.jpg,6
img_7_673.jpg,7
img_8_674.jpg,8
img_9_675.jpg,9
img_10_676.jpg,10
img_11_677.jpg,11
img_12_678.jpg,12
img_13_679.jpg,13
img_14_680.jpg,14
img_15_681.jpg,15
img_16_682.jpg,16
img_17_683.jpg,17
img_18_684.jpg,18
img_19_685.jpg,19
img_20_686.jpg,20
img_21_687.jpg,21
img_22_688.jpg,22
img_23_689.jpg,23
img_24_690.jpg,24
img_25_691.jpg,25
img_26_692.jpg,26
img_27_693.jpg,27
img_28_694.jpg,28
img_29_695.jpg,29
img_30_696.jpg,30
img_31_697.jpg,31
img_32_698.jpg,32
img_33_699.jpg,33
img_34_700.jpg,34
img_35_701.jpg,35
img_36_702.jpg,36
img_0_703.jpg,0
img_1_704.jpg,1
img_2_705.jpg,2
img_3_706.jpg,3
img_4_707.jpg,4
img_5_708.jpg,5
img_6_709.jpg,6
img_7_710.jpg,7
img_8_711.jpg,8
img_9_712.jpg,9
img_10_713.jpg,10
img_11_714.jpg,11
img_12_715.jpg,12
img_13_716.jpg,13
img_14_717.jpg,14
img_15_718.jpg,15
img_16_719.jpg,16
img_17_720.jpg,17
img_18_721.jpg,18
img_19_722.jpg,19
img_20_723.jpg,20
img_21_724.jpg,21
img_22_725.jpg,22
img_23_726.jpg,23
img_24_727.jpg,24
img_25_728.jpg,25
img_26_729.jpg,26
img_27_730.jpg,27
img_28_731.jpg,28
img_29_732.jpg,29
img_30_733.jpg,30
img_31_734.jpg,31
img_32_735.jpg,32
img_33_736.jpg,33
img_34_737.jpg,34
img_35_738.jpg,35
img_36_739.jpg,36
img_0_740.jpg,0
img_1_741.jpg,1
img_2_742.jpg,2
img_3_743.jpg,3
img_4_744.jpg,4
img_5_745.jpg,5
img_6_746.jpg,6
img_7_747.jpg,7
img_8_748.jpg,8
img_9_749.jpg,9
img_10_750.jpg,10
img_11_751.jpg,11
img_12_752.jpg,12
img_13_753.jpg,13
img_14_754.jpg,14
img_15_755.jpg,15
img_16_756.jpg,16
img_17_757.jpg,17
img_18_758.jpg,18
img_19_759.jpg,19
img_20_760.jpg,20
img_21_761.jpg,21
img_22_762.jpg,22
img_23_763.jpg,23
img_24_764.jpg,24
img_25_765.jpg,25
img_26_766.jpg,26
img_27_767.jpg,27
img_28_768.jpg,28
img_29_769.jpg,29
img_30_770.jpg,30
img_31_771.jpg,31
img_32_772.jpg,32
img_33_773.jpg,33
img_34_774.jpg,34
img_35_775.jpg,35
img_36_776.jpg,36
img_0_777.jpg,0
img_1_778.jpg,1
img_2_779.jpg,2
img_3_780.jpg,3
img_4_781.jpg,4
img_5_782.jpg,5
img_6_783.jpg,6
img_7_784.jpg,7
img_8_785.jpg,8
img_9_786.jpg,9
img_10_787.jpg,10
img_11_788.jpg,11
img_12_789.jpg,12
img_13_790.jpg,13
img_14_791.jpg,14
img_15_792.jpg,15
img_16_793.jpg,16
img_17_794.jpg,17
img_18_795.jpg,18
img_19_796.jpg,19
img_20_797.jpg,20
img_21_798.jpg,21
img_22_799.jpg,22
img_23_800.jpg,23
img_24_801.jpg,24
img_25_802.jpg,25
img_26_803.jpg,26
img_27_804.jpg,27
img_28_805.jpg,28
img_29_806.jpg,29
img_30_807.jpg,30
img_31_808.jpg,31
img_32_809.jpg,32
img_33_810.jpg,33
img_34_811.jpg,34
img_35_812.jpg,35
img_36_813.jpg,36
img_0_814.jpg,0
img_1_815.jpg,1
img_2_816.jpg,2
img_3_817.jpg,3
img_4_818.jpg,4
img_5_819.jpg,5
img_6_820.jpg,6
img_7_821.jpg,7
img_8_822.jpg,8
img_9_823.jpg,9
img_10_824.jpg,10
img_11_825.jpg,11
img_12_826.jpg,12
img_13_827.jpg,13
img_14_828.jpg,14
img_15_829.jpg,15
img_16_830.jpg,16
img_17_831.jpg,17
img_18_832.jpg,18
img_19_833.jpg,19
img_20_834.jpg,20
img_21_835.jpg,21
img_22_836.jpg,22
img_23_837.jpg,23
img_24_838.jpg,24
img_25_839.jpg,25
img_26_840.jpg,26
img_27_841.jpg,27
img_28_842.jpg,28
img_29_843.jpg,29
img_30_844.jpg,30
img_31_845.jpg,31
img_32_846.jpg,32
img_33_847.jpg,33
img_34_848.jpg,34
img_35_849.jpg,35
img_36_850.jpg,36
img_0_851.jpg,0
img_1_852.jpg,1
img_2_853.jpg,2
img_3_854.jpg,3
img_4_855.jpg,4
img_5_856.jpg,5
img_6_857.jpg,6
img_7_858.jpg,7
img_8_859.jpg,8
img_9_860.jpg,9
img_10_861.jpg,10
img_11_862.jpg,11
img_12_863.jpg,12
img_13_864.jpg,13
img_14_865.jpg,14
img_15_866.jpg,15
img_16_867.jpg,16
img_17_868.jpg,17
img_18_869.jpg,18
img_19_870.jpg,19
img_20_871.jpg,20
img_21_872.jpg,21
img_22_873.jpg,22
img_23_874.jpg,23
img_24_875.jpg,24
img_25_876.jpg,25
img_26_877.jpg,26
img_27_878.jpg,27
img_28_879.jpg,28
img_29_880.jpg,29
img_30_881.jpg,30
img_31_882.jpg,31
img_32_883.jpg,32
img_33_884.jpg,33
img_34_885.jpg,34
img_35_886.jpg,35
img_36_887.jpg,36
img_0_888.jpg,0
img_1_889.jpg,1
img_2_890.jpg,2
img_3_891.jpg,3
img_4_892.jpg,4
img_5_893.jpg,5
img_6_894.jpg,6
img_7_895.jpg,7
img_8_896.jpg,8
img_9_897.jpg,9
img_10_898.jpg,10
img_11_899.jpg,11
img_12_900.jpg,12
img_13_901.jpg,13
img_14_902.jpg,14
img_15_903.jpg,15
img_16_904.jpg,16
img_17_905.jpg,17
img_18_906.jpg,18
img_19_907.jpg,19
img_20_908.jpg,20
img_21_909.jpg,21
img_22_910.jpg,22
img_23_911.jpg,23
img_24_912.jpg,24
img_25_913.jpg,25
img_26_914.jpg,26
img_27_915.jpg,27
img_28_916.jpg,28
img_29_917.jpg,29
img_30_918.jpg,30
img_31_919.jpg,31
img_32_920.jpg,32
img_33_921.jpg,33
img_34_922.jpg,34
img_35_923.jpg,35
img_36_924.jpg,36
img_0_925.jpg,0
img_1_926.jpg,1
img_2_927.jpg,2
img_3_928.jpg,3
img_4_929.jpg,4
img_5_930.jpg,5
img_6_931.jpg,6
img_7_932.jpg,7
img_8_933.jpg,8
img_9_934.jpg,9
img_10_935.jpg,10
img_11_936.jpg,11
img_12_937.jpg,12
img_13_938.jpg,13
img_14_939.jpg,14
img_15_940.jpg,15
img_16_941.jpg,16
img_17_942.jpg,17
img_18_943.jpg,18
img_19_944.jpg,19
img_20_945.jpg,20
img_21_946.jpg,21
img_22_947.jpg,22
img_23_948.jpg,23
img_24_949.jpg,24
img_25_950.jpg,25
img_26_951.jpg,26
img_27_952.jpg,27
img_28_953.jpg,28
img_29_954.jpg,29
img_30_955.jpg,30
img_31_956.jpg,31
img_32_957.jpg,32
img_33_958.jpg,33
img_34_959.jpg,34
img_35_960.jpg,35
img_36_961.jpg,36
img_0_962.jpg,0
img_1_963.jpg,1
img_2_964.jpg,2
img_3_965.jpg,3
img_4_966.jpg,4
img_5_967.jpg,5
img_6_968.jpg,6
img_7_969.jpg,7
img_8_970.jpg,8
img_9_971.jpg,9
img_10_972.jpg,10
img_11_973.jpg,11
img_12_974.jpg,12
img_13_975.jpg,13
img_14_976.jpg,14
img_15_977.jpg,15
img_16_978.jpg,16
img_17_979.jpg,17
img_18_980.jpg,18
img_19_981.jpg,19
img_20_982.jpg,20
img_21_983.jpg,21
img_22_984.jpg,22
img_23_985.jpg,23
img_24_986.jpg,24
img_25_987.jpg,25
img_26_988.jpg,26
img_27_989.jpg,27
img_28_990.jpg,28
img_29_991.jpg,29
img_30_992.jpg,30
img_31_993.jpg,31
img_32_994.jpg,32
img_33_995.jpg,33
img_34_996.jpg,34
img_35_997.jpg,35
img_36_998.jpg,36
img_0_999.jpg,0
img_1_1000.jpg,1
img_2_1001.jpg,2
img_3_1002.jpg,3
img_4_1003.jpg,4
img_5_1004.jpg,5
img_6_1005.jpg,6
img_7_1006.jpg,7
img_8_1007.jpg,8
img_9_1008.jpg,9
img_10_1009.jpg,10
img_11_1010.jpg,11
img_12_1011.jpg,12
img_13_1012.jpg,13
img_14_1013.jpg,14
img_15_1014.jpg,15
img_16_1015.jpg,16
img_17_1016.jpg,17
img_18_1017.jpg,18
img_19_1018.jpg,19
img_20_1019.jpg,20
img_21_1020.jpg,21
img_22_1021.jpg,22
img_23_1022.jpg,23
img_24_1023.jpg,24
img_25_1024.jpg,25
img_26_1025.jpg,26
img_27_1026.jpg,27
img_28_1027.jpg,28
img_29_1028.jpg,29
img_30_1029.jpg,30
img_31_1030.jpg,31
img_32_1031.jpg,32
img_33_1032.jpg,33
img_34_1033.jpg,34
img_35_1034.jpg,35
img_36_1035.jpg,36
img_0_1036.jpg,0
img_1_1037.jpg,1
img_2_1038.jpg,2
img_3_1039.jpg,3
img_4_1040.jpg,4
img_5_1041.jpg,5
img_6_1042.jpg,6
img_7_1043.jpg,7
img_8_1044.jpg,8
img_9_1045.jpg,9
img_10_1046.jpg,10
img_11_1047.jpg,11
img_12_1048.jpg,12
img_13_1049.jpg,13
img_14_1050.jpg,14
img_15_1051.jpg,15
img_16_1052.jpg,16
img_17_1053.jpg,17
img_18_1054.jpg,18
img_19_1055.jpg,19
img_20_1056.jpg,20
img_21_1057.jpg,21
img_22_1058.jpg,22
img_23_1059.jpg,23
img_24_1060.jpg,24
img_25_1061.jpg,25
img_26_1062.jpg,26
img_27_1063.jpg,27
img_28_1064.jpg,28
img_29_1065.jpg,29
img_30_1066.jpg,30
img_31_1067.jpg,31
img_32_1068.jpg,32
img_33_1069.jpg,33
img_34_1070.jpg,34
img_35_1071.jpg,35
img_36_1072.jpg,36
img_0_1073.jpg,0
img_1_1074.jpg,1
img_2_1075.jpg,2
img_3_1076.jpg,3
img_4_1077.jpg,4
img_5_1078.jpg,5
img_6_1079.jpg,6
img_7_1080.jpg,7
img_8_1081.jpg,8
img_9_1082.jpg,9
img_10_1083.jpg,10
img_11_1084.jpg,11
img_12_1085.jpg,12
img_13_1086.jpg,13
img_14_1087.jpg,14
img_15_1088.jpg,15
img_16_1089.jpg,16
img_17_1090.jpg,17
img_18_1091.jpg,18
img_19_1092.jpg,19
img_20_1093.jpg,20
img_21_1094.jpg,21
img_22_1095.jpg,22
img_23_1096.jpg,23
img_24_1097.jpg,24
img_25_1098.jpg,25
img_26_1099.jpg,26
img_27_1100.jpg,27
img_28_1101.jpg,28
img_29_1102.jpg,29
img_30_1103.jpg,30
img_31_1104.jpg,31
img_32_1105.jpg,32
img_33_1106.jpg,33
img_34_1107.jpg,34
img_35_1108.jpg,35
img_36_1109.jpg,36
img_0_1110.jpg,0
img_1_1111.jpg,1
img_2_1112.jpg,2
img_3_1113.jpg,3
img_4_1114.jpg,4
img_5_1115.jpg,5
img_6_1116.jpg,6
img_7_1117.jpg,7
img_8_1118.jpg,8
img_9_1119.jpg,9
img_10_1120.jpg,10
img_11_1121.jpg,11
img_12_1122.jpg,12
img_13_1123.jpg,13
img_14_1124.jpg,14
img_15_1125.jpg,15
img_16_1126.jpg,16
img_17_1127.jpg,17
img_18_1128.jpg,18
img_19_1129.jpg,19
img_20_1130.jpg,20
img_21_1131.jpg,21
img_22_1132.jpg,22
img_23_1133.jpg,23
img_24_1134.jpg,24
img_25_1135.jpg,25
img_26_1136.jpg,26
img_27_1137.jpg,27
img_28_1138.jpg,28
img_29_1139.jpg,29
img_30_1140.jpg,30
img_31_1141.jpg,31
img_32_1142.jpg,32
img_33_1143.jpg,33
img_34_1144.jpg,34
img_35_1145.jpg,35
img_36_1146.jpg,36
img_0_1147.jpg,0
img_1_1148.jpg,1
img_2_1149.jpg,2
img_3_1150.jpg,3
img_4_1151.jpg,4
img_5_1152.jpg,5
img_6_1153.jpg,6
img_7_1154.jpg,7
img_8_1155.jpg,8
img_9_1156.jpg,9
img_10_1157.jpg,10
img_11_1158.jpg,11
img_12_1159.jpg,12
img_13_1160.jpg,13
img_14_1161.jpg,14
img_15_1162.jpg,15
img_16_1163.jpg,16
img_17_1164.jpg,17
img_18_1165.jpg,18
img_19_1166.jpg,19
img_20_1167.jpg,20
img_21_1168.jpg,21
img_22_1169.jpg,22
img_23_1170.jpg,23
img_24_1171.jpg,24
img_25_1172.jpg,25
img_26_1173.jpg,26
img_27_1174.jpg,27
img_28_1175.jpg,28
img_29_1176.jpg,29
img_30_1177.jpg,30
img_31_1178.jpg,31
img_32_1179.jpg,32
img_33_1180.jpg,33
img_34_1181.jpg,34
img_35_1182.jpg,35
img_36_1183.jpg,36
img_0_1184.jpg,0
img_1_1185.jpg,1
img_2_1186.jpg,2
img_3_1187.jpg,3
img_4_1188.jpg,4
img_5_1189.jpg,5
img_6_1190.jpg,6
img_7_1191.jpg,7
img_8_1192.jpg,8
img_9_1193.jpg,9
img_10_1194.jpg,10
img_11_1195.jpg,11
img_12_1196.jpg,12
img_13_1197.jpg,13
img_14_1198.jpg,14
img_15_1199.jpg,15
img_16_1200.jpg,16
img_17_1201.jpg,17
img_18_1202.jpg,18
img_19_1203.jpg,19
img_20_1204.jpg,20
img_21_1205.jpg,21
img_22_1206.jpg,22
img_23_1207.jpg,23
img_24_1208.jpg,24
img_25_1209.jpg,25
img_26_1210.jpg,26
img_27_1211.jpg,27
img_28_1212.jpg,28
img_29_1213.jpg,29
img_30_1214.jpg,30
img_31_1215.jpg,31
img_32_1216.jpg,32
img_33_1217.jpg,33
img_34_1218.jpg,34
img_35_1219.jpg,35
img_36_1220.jpg,36
img_0_1221.jpg,0
img_1_1222.jpg,1
img_2_1223.jpg,2
img_3_1224.jpg,3
img_4_1225.jpg,4
img_5_1226.jpg,5
img_6_1227.jpg,6
img_7_1228.jpg,7
img_8_1229.jpg,8
img_9_1230.jpg,9
img_10_1231.jpg,10
img_11_1232.jpg,11
img_12_1233.jpg,12
img_13_1234.jpg,13
img_14_1235.jpg,14
img_15_1236.jpg,15
img_16_1237.jpg,16
img_17_1238.jpg,17
img_18_1239.jpg,18
img_19_1240.jpg,19
img_20_1241.jpg,20
img_21_1242.jpg,21
img_22_1243.jpg,22
img_23_1244.jpg,23
img_24_1245.jpg,24
img_25_1246.jpg,25
img_26_1247.jpg,26
img_27_1248.jpg,27
img_28_1249.jpg,28
img_29_1250.jpg,29
img_30_1251.jpg,30
img_31_1252.jpg,31
img_32_1253.jpg,32
img_33_1254.jpg,33
img_34_1255.jpg,34
img_35_1256.jpg,35
img_36_1257.jpg,36
img_0_1258.jpg,0
img_1_1259.jpg,1
img_2_1260.jpg,2
img_3_1261.jpg,3
img_4_1262.jpg,4
img_5_1263.jpg,5
img_6_1264.jpg,6
img_7_1265.jpg,7
img_8_1266.jpg,8
img_9_1267.jpg,9
img_10_1268.jpg,10
img_11_1269.jpg,11
img_12_1270.jpg,12
img_13_1271.jpg,13
img_14_1272.jpg,14
img_15_1273.jpg,15
img_16_1274.jpg,16
img_17_1275.jpg,17
img_18_1276.jpg,18
img_19_1277.jpg,19
img_20_1278.jpg,20
img_21_1279.jpg,21
img_22_1280.jpg,22
img_23_1281.jpg,23
img_24_1282.jpg,24
img_25_1283.jpg,25
img_26_1284.jpg,26
img_27_1285.jpg,27
img_28_1286.jpg,28
img_29_1287.jpg,29
img_30_1288.jpg,30
img_31_1289.jpg,31
img_32_1290.jpg,32
img_33_1291.jpg,33
img_34_1292.jpg,34
img_35_1293.jpg,35
img_36_1294.jpg,36
img_0_1295.jpg,0
img_1_1296.jpg,1
img_2_1297.jpg,2
img_3_1298.jpg,3
img_4_1299.jpg,4
img_5_1300.jpg,5
img_6_1301.jpg,6
img_7_1302.jpg,7
img_8_1303.jpg,8
img_9_1304.jpg,9
img_10_1305.jpg,10
img_11_1306.jpg,11
img_12_1307.jpg,12
img_13_1308.jpg,13
img_14_1309.jpg,14
img_15_1310.jpg,15
img_16_1311.jpg,16
img_17_1312.jpg,17
img_18_1313.jpg,18
img_19_1314.jpg,19
img_20_1315.jpg,20
img_21_1316.jpg,21
img_22_1317.jpg,22
img_23_1318.jpg,23
img_24_1319.jpg,24
img_25_1320.jpg,25
img_26_1321.jpg,26
img_27_1322.jpg,27
img_28_1323.jpg,28
img_29_1324.jpg,29
img_30_1325.jpg,30
img_31_1326.jpg,31
img_32_1327.jpg,32
img_33_1328.jpg,33
img_34_1329.jpg,34
img_35_1330.jpg,35
img_36_1331.jpg,36
img_0_1332.jpg,0
img_1_1333.jpg,1
img_2_1334.jpg,2
img_3_1335.jpg,3
img_4_1336.jpg,4
img_5_1337.jpg,5
img_6_1338.jpg,6
img_7_1339.jpg,7
img_8_1340.jpg,8
img_9_1341.jpg,9
img_10_1342.jpg,10
img_11_1343.jpg,11
img_12_1344.jpg,12
img_13_1345.jpg,13
img_14_1346.jpg,14
img_15_1347.jpg,15
img_16_1348.jpg,16
img_17_1349.jpg,17
img_18_1350.jpg,18
img_19_1351.jpg,19
img_20_1352.jpg,20
img_21_1353.jpg,21
img_22_1354.jpg,22
img_23_1355.jpg,23
img_24_1356.jpg,24
img_25_1357.jpg,25
img_26_1358.jpg,26
img_27_1359.jpg,27
img_28_1360.jpg,28
img_29_1361.jpg,29
img_30_1362.jpg,30
img_31_1363.jpg,31
img_32_1364.jpg,32
img_33_1365.jpg,33
img_34_1366.jpg,34
img_35_1367.jpg,35
img_36_1368.jpg,36
img_0_1369.jpg,0
img_1_1370.jpg,1
img_2_1371.jpg,2
img_3_1372.jpg,3
img_4_1373.jpg,4
img_5_1374.jpg,5
img_6_1375.jpg,6
img_7_1376.jpg,7
img_8_1377.jpg,8
img_9_1378.jpg,9
img_10_1379.jpg,10
img_11_1380.jpg,11
img_12_1381.jpg,12
img_13_1382.jpg,13
img_14_1383.jpg,14
img_15_1384.jpg,15
img_16_1385.jpg,16
img_17_1386.jpg,17
img_18_1387.jpg,18
img_19_1388.jpg,19
img_20_1389.jpg,20
img_21_1390.jpg,21
img_22_1391.jpg,22
img_23_1392.jpg,23
img_24_1393.jpg,24
img_25_1394.jpg,25
img_26_1395.jpg,26
img_27_1396.jpg,27
img_28_1397.jpg,28
img_29_1398.jpg,29
img_30_1399.jpg,30
img_31_1400.jpg,31
img_32_1401.jpg,32
img_33_1402.jpg,33
img_34_1403.jpg,34
img_35_1404.jpg,35
img_36_1405.jpg,36
img_0_1406.jpg,0
img_1_1407.jpg,1
img_2_1408.jpg,2
img_3_1409.jpg,3
img_4_1410.jpg,4
img_5_1411.jpg,5
img_6_1412.jpg,6
img_7_1413.jpg,7
img_8_1414.jpg,8
img_9_1415.jpg,9
img_10_1416.jpg,10
img_11_1417.jpg,11
img_12_1418.jpg,12
img_13_1419.jpg,13
img_14_1420.jpg,14
img_15_1421.jpg,15
img_16_1422.jpg,16
img_17_1423.jpg,17
img_18_1424.jpg,18
img_19_1425.jpg,19
img_20_1426.jpg,20
img_21_1427.jpg,21
img_22_1428.jpg,22
img_23_1429.jpg,23
img_24_1430.jpg,24
img_25_1431.jpg,25
img_26_1432.jpg,26
img_27_1433.jpg,27
img_28_1434.jpg,28
img_29_1435.jpg,29
img_30_1436.jpg,30
img_31_1437.jpg,31
img_32_1438.jpg,32
img_33_1439.jpg,33
img_34_1440.jpg,34
img_35_1441.jpg,35
img_36_1442.jpg,36
img_0_1443.jpg,0
img_1_1444.jpg,1
img_2_1445.jpg,2
img_3_1446.jpg,3
img_4_1447.jpg,4
img_5_1448.jpg,5
img_6_1449.jpg,6
img_7_1450.jpg,7
img_8_1451.jpg,8
img_9_1452.jpg,9
img_10_1453.jpg,10
img_11_1454.jpg,11
img_12_1455.jpg,12
img_13_1456.jpg,13
img_14_1457.jpg,14
img_15_1458.jpg,15
img_16_1459.jpg,16
img_17_1460.jpg,17
img_18_1461.jpg,18
img_19_1462.jpg,19
img_20_1463.jpg,20
img_21_1464.jpg,21
img_22_1465.jpg,22
img_23_1466.jpg,23
img_24_1467.jpg,24
img_25_1468.jpg,25
img_26_1469.jpg,26
img_27_1470.jpg,27
img_28_1471.jpg,28
img_29_1472.jpg,29
img_30_1473.jpg,30
img_31_1474.jpg,31
img_32_1475.jpg,32
img_33_1476.jpg,33
img_34_1477.jpg,34
img_35_1478.jpg,35
img_36_1479.jpg,36
img_0_1480.jpg,0
img_1_1481.jpg,1
img_2_1482.jpg,2
img_3_1483.jpg,3
img_4_1484.jpg,4
img_5_1485.jpg,5
img_6_1486.jpg,6
img_7_1487.jpg,7
img_8_1488.jpg,8
img_9_1489.jpg,9
img_10_1490.jpg,10
img_11_1491.jpg,11
img_12_1492.jpg,12
img_13_1493.jpg,13
img_14_1494.jpg,14
img_15_1495.jpg,15
img_16_1496.jpg,16
img_17_1497.jpg,17
img_18_1498.jpg,18
img_19_1499.jpg,19
